日期,铝(单位:美元/吨)
"2026-04-29","3539.785",
"2026-04-28","3524.01",
"2026-04-27","3594.75",
"2026-04-24","3591.3",
"2026-04-23","3610.18",
"2026-04-22","3602.26",
"2026-04-21","3563.44",
"2026-04-20","3552.44",
"2026-04-17","3638.535",
"2026-04-16","3630.3",
"2026-04-15","3566.72",
"2026-04-14","3582.26",
"2026-04-13","3568.9",
"2026-04-10","3505.995",
"2026-04-09","3445.46",
"2026-04-08","3470.14",
"2026-04-07","3516.65",
"2026-04-03","3462.5",
"2026-04-02","3446.655",
"2026-04-01","3520.17",
"2026-03-31","3522.95",
"2026-03-30","3421.385",
"2026-03-27","3234.98",
"2026-03-26","3284.26",
"2026-03-25","3252.08",
"2026-03-24","3245.5",
"2026-03-23","3225.5",
"2026-03-20","3192",
"2026-03-19","3242",
"2026-03-18","3416.5",
"2026-03-17","3362",
"2026-03-16","3391",
"2026-03-13","3439",
"2026-03-12","3461",
"2026-03-11","3450.5",
"2026-03-10","3394.5",
"2026-03-09","3385",
"2026-03-06","3431",
"2026-03-05","3292.5",
"2026-03-04","3330.5",
"2026-03-03","3275",
"2026-03-02","3182.5",
"2026-02-27","3139",
"2026-02-26","3138.5",
"2026-02-25","3173.5",
"2026-02-24","3108.5",
"2026-02-23","3089.5",
"2026-02-20","3105.5",
"2026-02-19","3066",
"2026-02-18","3083.5",
"2026-02-17","3037",
"2026-02-16","3043",
"2026-02-13","3090.5",
"2026-02-12","3095.5",
"2026-02-11","3116.5",
"2026-02-10","3102",
"2026-02-09","3130",
"2026-02-06","3109",
"2026-02-05","3026",
"2026-02-04","3108.5",
"2026-02-03","3098",
"2026-02-02","3056.5",
"2026-01-30","3132.5",
"2026-01-29","3232",
"2026-01-28","3261.5",
"2026-01-27","3211.5",
"2026-01-26","3196",
"2026-01-23","3171.5",
"2026-01-22","3137",
"2026-01-21","3117.5",
"2026-01-20","3118.5",
"2026-01-19","3163.5",
"2026-01-16","3130",
"2026-01-15","3170",
"2026-01-14","3187",
"2026-01-13","3195",
"2026-01-12","3189",
"2026-01-09","3148",
"2026-01-08","3087.5",
"2026-01-07","3082.5",
"2026-01-06","3134",
"2026-01-05","3090",
"2026-01-02","3021",
"2026-01-01","2997",
"2025-12-31","2995",
"2025-12-30","2982.5",
"2025-12-29","2950.5",
"2025-12-25","2952.05",
"2025-12-24","2953",
"2025-12-23","2939",
"2025-12-22","2939.5",
"2025-12-19","2955",
"2025-12-18","2916",
"2025-12-17","2904.5",
"2025-12-16","2882",
"2025-12-15","2873.5",
"2025-12-12","2873",
"2025-12-11","2895.5",
"2025-12-10","2862.5",
"2025-12-09","2845.5",
"2025-12-08","2885",
"2025-12-05","2900.5",
"2025-12-04","2886",
"2025-12-03","2896.5",
"2025-12-02","2854.5",
"2025-12-01","2886.5",
"2025-11-28","2863.5",
"2025-11-27","2829.5",
"2025-11-26","2864",
"2025-11-25","2800.5",
"2025-11-24","2812",
"2025-11-21","2806",
"2025-11-20","2806.5",
"2025-11-19","2814.5",
"2025-11-18","2787.5",
"2025-11-17","2806",
"2025-11-14","2856.5",
"2025-11-13","2875.5",
"2025-11-12","2886",
"2025-11-11","2878",
"2025-11-10","2879",
"2025-11-07","2860.5",
"2025-11-06","2843",
"2025-11-05","2843",
"2025-11-04","2865.5",
"2025-11-03","2907",
"2025-10-31","2888",
"2025-10-30","2869.5",
"2025-10-29","2870",
"2025-10-28","2894",
"2025-10-27","2877.5",
"2025-10-24","2856.5",
"2025-10-23","2864",
"2025-10-22","2805.5",
"2025-10-21","2780.5",
"2025-10-20","2766.5",
"2025-10-17","2778",
"2025-10-16","2795.5",
"2025-10-15","2744.5",
"2025-10-14","2739.5",
"2025-10-13","2757",
"2025-10-10","2746",
"2025-10-09","2782.5",
"2025-10-08","2750",
"2025-10-07","2742",
"2025-10-06","2714",
"2025-10-03","2702",
"2025-10-02","2687",
"2025-10-01","2693",
"2025-09-30","2687",
"2025-09-29","2670",
"2025-09-26","2648",
"2025-09-25","2664",
"2025-09-24","2653.5",
"2025-09-23","2646",
"2025-09-22","2654",
"2025-09-19","2676",
"2025-09-18","2702.5",
"2025-09-17","2686.5",
"2025-09-16","2709.5",
"2025-09-15","2700",
"2025-09-12","2700.5",
"2025-09-11","2677.5",
"2025-09-10","2621.5",
"2025-09-09","2628",
"2025-09-08","2609.5",
"2025-09-05","2602.5",
"2025-09-04","2589.5",
"2025-09-03","2613",
"2025-09-02","2619.5",
"2025-09-01","2617.5",
"2025-08-29","2618",
"2025-08-28","2605.5",
"2025-08-27","2603",
"2025-08-26","2636.5",
"2025-08-25","2622.4",
"2025-08-22","2620.5",
"2025-08-21","2591.5",
"2025-08-20","2576",
"2025-08-19","2565.5",
"2025-08-18","2587.5",
"2025-08-15","2603",
"2025-08-14","2624",
"2025-08-13","2608.5",
"2025-08-12","2622.5",
"2025-08-11","2586",
"2025-08-08","2614",
"2025-08-07","2610.5",
"2025-08-06","2621.5",
"2025-08-05","2565.5",
"2025-08-04","2569",
"2025-08-01","2571",
"2025-07-31","2562.5",
"2025-07-30","2608",
"2025-07-29","2605",
"2025-07-28","2631",
"2025-07-25","2630.5",
"2025-07-24","2646",
"2025-07-23","2639",
"2025-07-22","2651",
"2025-07-21","2639",
"2025-07-18","2636",
"2025-07-17","2587",
"2025-07-16","2574",
"2025-07-15","2583",
"2025-07-14","2595.5",
"2025-07-11","2600.5",
"2025-07-10","2606",
"2025-07-09","2601.5",
"2025-07-08","2576.5",
"2025-07-07","2563.5",
"2025-07-04","2592",
"2025-07-03","2604",
"2025-07-02","2614.5",
"2025-07-01","2601.5",
"2025-06-30","2597",
"2025-06-27","2595",
"2025-06-26","2584.5",
"2025-06-25","2566.5",
"2025-06-24","2568",
"2025-06-23","2592",
"2025-06-20","2525",
"2025-06-19","2525",
"2025-06-18","2543",
"2025-06-17","2545",
"2025-06-16","2516.5",
"2025-06-13","2503",
"2025-06-12","2519.5",
"2025-06-11","2516.5",
"2025-06-10","2492.5",
"2025-06-09","2483",
"2025-06-06","2451.5",
"2025-06-05","2474",
"2025-06-04","2487",
"2025-06-03","2470.5",
"2025-06-02","2473",
"2025-05-30","2448",
"2025-05-29","2450",
"2025-05-28","2463",
"2025-05-27","2482.5",
"2025-05-26","2466.7",
"2025-05-23","2465.5",
"2025-05-22","2456",
"2025-05-21","2473",
"2025-05-20","2479.5",
"2025-05-19","2436",
"2025-05-16","2482.5",
"2025-05-15","2497.5",
"2025-05-14","2521",
"2025-05-13","2489.5",
"2025-05-12","2470",
"2025-05-09","2418",
"2025-05-08","2407",
"2025-05-07","2380",
"2025-05-06","2426",
"2025-05-05","2435.5",
"2025-05-02","2434",
"2025-05-01","2408.5",
"2025-04-30","2392",
"2025-04-29","2468.5",
"2025-04-28","2435.5",
"2025-04-25","2435.5",
"2025-04-24","2457.5",
"2025-04-23","2440.5",
"2025-04-22","2389.5",
"2025-04-18","2386.1",
"2025-04-17","2382.5",
"2025-04-16","2387",
"2025-04-15","2372",
"2025-04-14","2378",
"2025-04-11","2397",
"2025-04-10","2366",
"2025-04-09","2356.5",
"2025-04-08","2337.5",
"2025-04-07","2372",
"2025-04-04","2387.5",
"2025-04-03","2458.5",
"2025-04-02","2489",
"2025-04-01","2502.5",
"2025-03-31","2536",
"2025-03-28","2549.5",
"2025-03-27","2559",
"2025-03-26","2604.5",
"2025-03-25","2608",
"2025-03-24","2612",
"2025-03-21","2624",
"2025-03-20","2657",
"2025-03-19","2671",
"2025-03-18","2650.5",
"2025-03-17","2690.5",
"2025-03-14","2686",
"2025-03-13","2702",
"2025-03-12","2699",
"2025-03-11","2704",
"2025-03-10","2686.5",
"2025-03-07","2688",
"2025-03-06","2702",
"2025-03-05","2664",
"2025-03-04","2622",
"2025-03-03","2612",
"2025-02-28","2603.5",
"2025-02-27","2630",
"2025-02-26","2629",
"2025-02-25","2637.5",
"2025-02-24","2652.5",
"2025-02-21","2675.5",
"2025-02-20","2728.5",
"2025-02-19","2680",
"2025-02-18","2670",
"2025-02-17","2646.5",
"2025-02-14","2635",
"2025-02-13","2603.5",
"2025-02-12","2624",
"2025-02-11","2636.5",
"2025-02-10","2658.5",
"2025-02-07","2627",
"2025-02-06","2623",
"2025-02-05","2629",
"2025-02-04","2629",
"2025-02-03","2617.5",
"2025-01-31","2592",
"2025-01-30","2611.5",
"2025-01-29","2620",
"2025-01-28","2571",
"2025-01-27","2608",
"2025-01-24","2631.5",
"2025-01-23","2627.5",
"2025-01-22","2632.5",
"2025-01-21","2649.5",
"2025-01-20","2687",
"2025-01-17","2678.5",
"2025-01-16","2633.5",
"2025-01-15","2603.5",
"2025-01-14","2573",
"2025-01-13","2571.5",
"2025-01-10","2567.5",
"2025-01-09","2548",
"2025-01-08","2507.5",
"2025-01-07","2521",
"2025-01-06","2491",
"2025-01-03","2494",
"2025-01-02","2529",
"2025-01-01","2553.5",
"2024-12-31","2552.5",
"2024-12-30","2549",
"2024-12-27","2557",
"2024-12-25","2557.95",
"2024-12-24","2556",
"2024-12-23","2538",
"2024-12-20","2540",
"2024-12-19","2515",
"2024-12-18","2527.5",
"2024-12-17","2536.5",
"2024-12-16","2563.5",
"2024-12-13","2615",
"2024-12-12","2603.5",
"2024-12-11","2605.5",
"2024-12-10","2615",
"2024-12-09","2596.5",
"2024-12-06","2604.5",
"2024-12-05","2637.5",
"2024-12-04","2636",
"2024-12-03","2607",
"2024-12-02","2600",
"2024-11-29","2596.5",
"2024-11-28","2588",
"2024-11-27","2600",
"2024-11-26","2607",
"2024-11-25","2647.5",
"2024-11-22","2629.5",
"2024-11-21","2633",
"2024-11-20","2630",
"2024-11-19","2645.5",
"2024-11-18","2611",
"2024-11-15","2656.5",
"2024-11-14","2522",
"2024-11-13","2528",
"2024-11-12","2564",
"2024-11-11","2572",
"2024-11-08","2626.5",
"2024-11-07","2703.5",
"2024-11-06","2615",
"2024-11-05","2657",
"2024-11-04","2621",
"2024-11-01","2603",
"2024-10-31","2624.5",
"2024-10-30","2614",
"2024-10-29","2659.5",
"2024-10-28","2650.5",
"2024-10-25","2670",
"2024-10-24","2639",
"2024-10-23","2656.5",
"2024-10-22","2635.5",
"2024-10-21","2595.5",
"2024-10-18","2612.5",
"2024-10-17","2557",
"2024-10-16","2585",
"2024-10-15","2571",
"2024-10-14","2595",
"2024-10-11","2636",
"2024-10-10","2590",
"2024-10-09","2544",
"2024-10-08","2568.5",
"2024-10-07","2654",
"2024-10-04","2663.5",
"2024-10-03","2635.5",
"2024-10-02","2682.5",
"2024-10-01","2631.5",
"2024-09-30","2605",
"2024-09-27","2632.5",
"2024-09-26","2617.5",
"2024-09-25","2539",
"2024-09-24","2489",
"2024-09-23","2486",
"2024-09-20","2486",
"2024-09-19","2539",
"2024-09-18","2522",
"2024-09-17","2506.5",
"2024-09-16","2515",
"2024-09-13","2472.5",
"2024-09-12","2411.5",
"2024-09-11","2377.5",
"2024-09-10","2342",
"2024-09-09","2361.5",
"2024-09-06","2340",
"2024-09-05","2378",
"2024-09-04","2397",
"2024-09-03","2415.5",
"2024-09-02","2423.5",
"2024-08-30","2446",
"2024-08-29","2465.5",
"2024-08-28","2484",
"2024-08-27","2544",
"2024-08-23","2533.5",
"2024-08-22","2466.5",
"2024-08-21","2479",
"2024-08-20","2476",
"2024-08-19","2429.5",
"2024-08-16","2368",
"2024-08-15","2355.5",
"2024-08-14","2327",
"2024-08-13","2325.5",
"2024-08-12","2308.5",
"2024-08-09","2295",
"2024-08-08","2283",
"2024-08-07","2270.5",
"2024-08-06","2301",
"2024-08-05","2260",
"2024-08-02","2261.5",
"2024-08-01","2273.5",
"2024-07-31","2311.5",
"2024-07-30","2238",
"2024-07-29","2246.5",
"2024-07-26","2278",
"2024-07-25","2276",
"2024-07-24","2295",
"2024-07-23","2298",
"2024-07-22","2313",
"2024-07-19","2350",
"2024-07-18","2385.5",
"2024-07-17","2405",
"2024-07-16","2415",
"2024-07-15","2458.5",
"2024-07-12","2481",
"2024-07-11","2474.5",
"2024-07-10","2477",
"2024-07-09","2497",
"2024-07-08","2529",
"2024-07-05","2537.5",
"2024-07-04","2527",
"2024-07-03","2548",
"2024-07-02","2515",
"2024-07-01","2517.5",
"2024-06-28","2517.5",
"2024-06-27","2494.5",
"2024-06-26","2508.5",
"2024-06-25","2495.5",
"2024-06-24","2497",
"2024-06-21","2510.5",
"2024-06-20","2521",
"2024-06-19","2489.5",
"2024-06-18","2493",
"2024-06-17","2506",
"2024-06-14","2521",
"2024-06-13","2544",
"2024-06-12","2567.5",
"2024-06-11","2541.5",
"2024-06-10","2582",
"2024-06-07","2576",
"2024-06-06","2645",
"2024-06-05","2634",
"2024-06-04","2658.5",
"2024-06-03","2662",
"2024-05-31","2654.5",
"2024-05-30","2704",
"2024-05-29","2792",
"2024-05-28","2732",
"2024-05-24","2656",
"2024-05-23","2614",
"2024-05-22","2640.5",
"2024-05-21","2715.5",
"2024-05-20","2625.5",
"2024-05-17","2620",
"2024-05-16","2588",
"2024-05-15","2598",
"2024-05-14","2548",
"2024-05-13","2547.5",
"2024-05-10","2519",
"2024-05-09","2568",
"2024-05-08","2543",
"2024-05-07","2566.5",
"2024-05-03","2550.5",
"2024-05-02","2536.5",
"2024-05-01","2578.5",
"2024-04-30","2581.5",
"2024-04-29","2588",
"2024-04-26","2560",
"2024-04-25","2567.5",
"2024-04-24","2584",
"2024-04-23","2575.5",
"2024-04-22","2658",
"2024-04-19","2659.5",
"2024-04-18","2610",
"2024-04-17","2569.5",
"2024-04-16","2556.5",
"2024-04-15","2546.5",
"2024-04-12","2478.5",
"2024-04-11","2454.5",
"2024-04-10","2469.5",
"2024-04-09","2458.5",
"2024-04-08","2459",
"2024-04-05","2449.5",
"2024-04-04","2444",
"2024-04-03","2437.5",
"2024-04-02","2372",
"2024-03-28","2335",
"2024-03-27","2303",
"2024-03-26","2300",
"2024-03-25","2326",
"2024-03-22","2307.5",
"2024-03-21","2306.5",
"2024-03-20","2281",
"2024-03-19","2269",
"2024-03-18","2276",
"2024-03-15","2275.5",
"2024-03-14","2253.5",
"2024-03-13","2261.5",
"2024-03-12","2261.5",
"2024-03-11","2251",
"2024-03-08","2236",
"2024-03-07","2251.5",
"2024-03-06","2223",
"2024-03-05","2226",
"2024-03-04","2234.5",
"2024-03-01","2235.5",
"2024-02-29","2223.5",
"2024-02-28","2191",
"2024-02-27","2200",
"2024-02-26","2181.5",
"2024-02-23","2183",
"2024-02-22","2200.5",
"2024-02-21","2220",
"2024-02-20","2223.5",
"2024-02-19","2197.5",
"2024-02-16","2216",
"2024-02-15","2224",
"2024-02-14","2237",
"2024-02-13","2217",
"2024-02-12","2229",
"2024-02-09","2216",
"2024-02-08","2222",
"2024-02-07","2220",
"2024-02-06","2229",
"2024-02-05","2203",
"2024-02-02","2235.5",
"2024-02-01","2247",
"2024-01-31","2283",
"2024-01-30","2270",
"2024-01-29","2251",
"2024-01-26","2257.5",
"2024-01-25","2232",
"2024-01-24","2222",
"2024-01-23","2232",
"2024-01-22","2154.5",
"2024-01-19","2172.5",
"2024-01-18","2167",
"2024-01-17","2176",
"2024-01-16","2214",
"2024-01-15","2200",
"2024-01-12","2216",
"2024-01-11","2235",
"2024-01-10","2233.5",
"2024-01-09","2242",
"2024-01-08","2237",
"2024-01-05","2271.5",
"2024-01-04","2284",
"2024-01-03","2306",
"2024-01-02","2324",
"2023-12-29","2387.5",
"2023-12-28","2367",
"2023-12-27","2395",
"2023-12-22","2324",
"2023-12-21","2246",
"2023-12-20","2244",
"2023-12-19","2264.5",
"2023-12-18","2282",
"2023-12-15","2239.5",
"2023-12-14","2210",
"2023-12-13","2144.5",
"2023-12-12","2123",
"2023-12-11","2123",
"2023-12-08","2134",
"2023-12-07","2131",
"2023-12-06","2141",
"2023-12-05","2165.5",
"2023-12-04","2184",
"2023-12-01","2200",
"2023-11-30","2194",
"2023-11-29","2217.5",
"2023-11-28","2218",
"2023-11-27","2211.5",
"2023-11-24","2222",
"2023-11-23","2222",
"2023-11-22","2221.5",
"2023-11-21","2255",
"2023-11-20","2243",
"2023-11-17","2213",
"2023-11-16","2211.5",
"2023-11-15","2233.5",
"2023-11-14","2224",
"2023-11-13","2229.5",
"2023-11-10","2220.5",
"2023-11-09","2238",
"2023-11-08","2264",
"2023-11-07","2275.5",
"2023-11-06","2283.5",
"2023-11-03","2256.5",
"2023-11-02","2233.5",
"2023-11-01","2234.5",
"2023-10-31","2247",
"2023-10-30","2263.5",
"2023-10-27","2225",
"2023-10-26","2196.5",
"2023-10-25","2211.5",
"2023-10-24","2205",
"2023-10-23","2176",
"2023-10-20","2180",
"2023-10-19","2187.5",
"2023-10-18","2188.5",
"2023-10-17","2177",
"2023-10-16","2181",
"2023-10-13","2190",
"2023-10-12","2201",
"2023-10-11","2213.5",
"2023-10-10","2211",
"2023-10-09","2245",
"2023-10-06","2240.5",
"2023-10-05","2232",
"2023-10-04","2242.5",
"2023-10-03","2292",
"2023-10-02","2325",
"2023-09-29","2349",
"2023-09-28","2279.5",
"2023-09-27","2237.5",
"2023-09-26","2240",
"2023-09-25","2233",
"2023-09-22","2244.5",
"2023-09-21","2221.5",
"2023-09-20","2254",
"2023-09-19","2214.5",
"2023-09-18","2216",
"2023-09-15","2193",
"2023-09-14","2219",
"2023-09-13","2208",
"2023-09-12","2195.5",
"2023-09-11","2204",
"2023-09-08","2181",
"2023-09-07","2195.5",
"2023-09-06","2191.5",
"2023-09-05","2190.5",
"2023-09-04","2200.5",
"2023-09-01","2237.5",
"2023-08-31","2201.5",
"2023-08-30","2200.5",
"2023-08-29","2167",
"2023-08-25","2150",
"2023-08-24","2154.5",
"2023-08-23","2175",
"2023-08-22","2179.5",
"2023-08-21","2145.5",
"2023-08-18","2138.5",
"2023-08-17","2143",
"2023-08-16","2140",
"2023-08-15","2141.5",
"2023-08-14","2143.5",
"2023-08-11","2177",
"2023-08-10","2202.5",
"2023-08-09","2197.5",
"2023-08-08","2197.5",
"2023-08-07","2226",
"2023-08-04","2237",
"2023-08-03","2230.5",
"2023-08-02","2210",
"2023-08-01","2253",
"2023-07-31","2287",
"2023-07-28","2227",
"2023-07-27","2206.5",
"2023-07-26","2207.5",
"2023-07-25","2236.5",
"2023-07-24","2207.5",
"2023-07-21","2208",
"2023-07-20","2192",
"2023-07-19","2185.5",
"2023-07-18","2204",
"2023-07-17","2257",
"2023-07-14","2270.5",
"2023-07-13","2280.5",
"2023-07-12","2235.5",
"2023-07-11","2170",
"2023-07-10","2152",
"2023-07-07","2141",
"2023-07-06","2130",
"2023-07-05","2137",
"2023-07-04","2166",
"2023-07-03","2160.5",
"2023-06-30","2154",
"2023-06-29","2160.5",
"2023-06-28","2173",
"2023-06-27","2192",
"2023-06-26","2145.5",
"2023-06-23","2171",
"2023-06-22","2202",
"2023-06-21","2235.5",
"2023-06-20","2231.5",
"2023-06-19","2235",
"2023-06-16","2268",
"2023-06-15","2249",
"2023-06-14","2252.5",
"2023-06-13","2232",
"2023-06-12","2221.5",
"2023-06-09","2262",
"2023-06-08","2260.5",
"2023-06-07","2212.5",
"2023-06-06","2205.5",
"2023-06-05","2239",
"2023-06-02","2264.5",
"2023-06-01","2269",
"2023-05-31","2245.5",
"2023-05-30","2224.5",
"2023-05-26","2242.5",
"2023-05-25","2213",
"2023-05-24","2206",
"2023-05-23","2220",
"2023-05-22","2263.5",
"2023-05-19","2283.5",
"2023-05-18","2281.5",
"2023-05-17","2300",
"2023-05-16","2264.5",
"2023-05-15","2266",
"2023-05-12","2241",
"2023-05-11","2211.5",
"2023-05-10","2267",
"2023-05-09","2314.5",
"2023-05-05","2319",
"2023-05-04","2295",
"2023-05-03","2318",
"2023-05-02","2354.5",
"2023-04-28","2349.5",
"2023-04-27","2324",
"2023-04-26","2331",
"2023-04-25","2331.5",
"2023-04-24","2381.5",
"2023-04-21","2397.5",
"2023-04-20","2421.5",
"2023-04-19","2448",
"2023-04-18","2436.5",
"2023-04-17","2372",
"2023-04-14","2386",
"2023-04-13","2363",
"2023-04-12","2324",
"2023-04-11","2303",
"2023-04-06","2340",
"2023-04-05","2340.5",
"2023-04-04","2375",
"2023-04-03","2388",
"2023-03-31","2417",
"2023-03-30","2392",
"2023-03-29","2380.5",
"2023-03-28","2382.5",
"2023-03-27","2365",
"2023-03-24","2340.5",
"2023-03-23","2325.5",
"2023-03-22","2288",
"2023-03-21","2268.5",
"2023-03-20","2280",
"2023-03-17","2277.5",
"2023-03-16","2280",
"2023-03-15","2277",
"2023-03-14","2352",
"2023-03-13","2320",
"2023-03-10","2305",
"2023-03-09","2318.5",
"2023-03-08","2360",
"2023-03-07","2346",
"2023-03-06","2387",
"2023-03-03","2394",
"2023-03-02","2395",
"2023-03-01","2441",
"2023-02-28","2370.5",
"2023-02-27","2372.5",
"2023-02-24","2340.5",
"2023-02-23","2390.5",
"2023-02-22","2413",
"2023-02-21","2459",
"2023-02-20","2456",
"2023-02-17","2390",
"2023-02-16","2417",
"2023-02-15","2383.5",
"2023-02-14","2408.5",
"2023-02-13","2426",
"2023-02-10","2448",
"2023-02-09","2507",
"2023-02-08","2487.5",
"2023-02-07","2534.5",
"2023-02-06","2544",
"2023-02-03","2566",
"2023-02-02","2604.5",
"2023-02-01","2605.5",
"2023-01-31","2648",
"2023-01-30","2560",
"2023-01-27","2627.5",
"2023-01-26","2640.5",
"2023-01-25","2649.5",
"2023-01-24","2656.5",
"2023-01-23","2628",
"2023-01-20","2588",
"2023-01-19","2585.5",
"2023-01-18","2611.5",
"2023-01-17","2619.5",
"2023-01-16","2606",
"2023-01-13","2590",
"2023-01-12","2557.5",
"2023-01-11","2487",
"2023-01-10","2457",
"2023-01-09","2423",
"2023-01-06","2307.5",
"2023-01-05","2256",
"2023-01-04","2267",
"2023-01-03","2311",
"2022-12-30","2382.5",
"2022-12-29","2408",
"2022-12-28","2376",
"2022-12-23","2391.5",
"2022-12-22","2385.5",
"2022-12-21","2391.5",
"2022-12-20","2372",
"2022-12-19","2370",
"2022-12-16","2379",
"2022-12-15","2385.5",
"2022-12-14","2451.5",
"2022-12-13","2453",
"2022-12-12","2410.5",
"2022-12-09","2470",
"2022-12-08","2498.5",
"2022-12-07","2501",
"2022-12-06","2496",
"2022-12-05","2505",
"2022-12-02","2555.5",
"2022-12-01","2473",
"2022-11-30","2491",
"2022-11-29","2379",
"2022-11-28","2372",
"2022-11-25","2365",
"2022-11-24","2368",
"2022-11-23","2390",
"2022-11-22","2435.5",
"2022-11-21","2380",
"2022-11-18","2413",
"2022-11-17","2394.5",
"2022-11-16","2405",
"2022-11-15","2436.5",
"2022-11-14","2439",
"2022-11-11","2458",
"2022-11-10","2321.5",
"2022-11-09","2307",
"2022-11-08","2339.5",
"2022-11-07","2339",
"2022-11-04","2349",
"2022-11-03","2260",
"2022-11-02","2250",
"2022-11-01","2257",
"2022-10-31","2225.5",
"2022-10-28","2234",
"2022-10-27","2286.5",
"2022-10-26","2328",
"2022-10-25","2216.5",
"2022-10-24","2175.5",
"2022-10-21","2217",
"2022-10-20","2215.5",
"2022-10-19","2184.5",
"2022-10-18","2180",
"2022-10-17","2244",
"2022-10-14","2290",
"2022-10-13","2348",
"2022-10-12","2335",
"2022-10-11","2246",
"2022-10-10","2255",
"2022-10-07","2286",
"2022-10-06","2328",
"2022-10-05","2357",
"2022-10-04","2346",
"2022-10-03","2223",
"2022-09-30","2141",
"2022-09-29","2232",
"2022-09-28","2133.5",
"2022-09-27","2102",
"2022-09-26","2133.5",
"2022-09-23","2166.5",
"2022-09-22","2223",
"2022-09-21","2203",
"2022-09-20","2253.5",
"2022-09-19","2247.5",
"2022-09-16","2283",
"2022-09-15","2315",
"2022-09-14","2274",
"2022-09-13","2308",
"2022-09-12","2292.5",
"2022-09-09","2284.5",
"2022-09-08","2276",
"2022-09-07","2240",
"2022-09-06","2260",
"2022-09-05","2287.5",
"2022-09-02","2301",
"2022-09-01","2303",
"2022-08-31","2362.5",
"2022-08-30","2384",
"2022-08-26","2489",
"2022-08-25","2434",
"2022-08-24","2425",
"2022-08-23","2425",
"2022-08-22","2388",
"2022-08-19","2390.5",
"2022-08-18","2405",
"2022-08-17","2413.5",
"2022-08-16","2397.5",
"2022-08-15","2402",
"2022-08-12","2433",
"2022-08-11","2516.5",
"2022-08-10","2494",
"2022-08-09","2472",
"2022-08-08","2440",
"2022-08-05","2421",
"2022-08-04","2403",
"2022-08-03","2385",
"2022-08-02","2413",
"2022-08-01","2445.5",
"2022-07-29","2481",
"2022-07-28","2464.5",
"2022-07-27","2422.5",
"2022-07-26","2422",
"2022-07-25","2406.5",
"2022-07-22","2458.5",
"2022-07-21","2438.5",
"2022-07-20","2420.5",
"2022-07-19","2384.5",
"2022-07-18","2426.5",
"2022-07-15","2339",
"2022-07-14","2327",
"2022-07-13","2357.5",
"2022-07-12","2360",
"2022-07-11","2375.5",
"2022-07-08","2442.5",
"2022-07-07","2445",
"2022-07-06","2398",
"2022-07-05","2367",
"2022-07-04","2456.5",
"2022-07-01","2469",
"2022-06-30","2444",
"2022-06-29","2472.5",
"2022-06-28","2486",
"2022-06-27","2486.5",
"2022-06-24","2450",
"2022-06-23","2465.5",
"2022-06-22","2539",
"2022-06-21","2527",
"2022-06-20","2512",
"2022-06-17","2498",
"2022-06-16","2521.5",
"2022-06-15","2615",
"2022-06-14","2558",
"2022-06-13","2637",
"2022-06-10","2680",
"2022-06-09","2756",
"2022-06-08","2835",
"2022-06-07","2786",
"2022-06-06","2788",
"2022-06-01","2724",
"2022-05-31","2784.5",
"2022-05-30","2880",
"2022-05-27","2868.5",
"2022-05-26","2866",
"2022-05-25","2866.5",
"2022-05-24","2877",
"2022-05-23","2953.5",
"2022-05-20","2965.5",
"2022-05-19","2938",
"2022-05-18","2824",
"2022-05-17","2882",
"2022-05-16","2834",
"2022-05-13","2828",
"2022-05-12","2785.5",
"2022-05-11","2776.5",
"2022-05-10","2765",
"2022-05-09","2749",
"2022-05-06","2832.5",
"2022-05-05","2933.5",
"2022-05-04","2985",
"2022-05-03","2928",
"2022-04-29","3013",
"2022-04-28","3040",
"2022-04-27","3111.5",
"2022-04-26","3078.5",
"2022-04-25","3082",
"2022-04-22","3244",
"2022-04-21","3301",
"2022-04-20","3263",
"2022-04-19","3250",
"2022-04-14","3291",
"2022-04-13","3252",
"2022-04-12","3274",
"2022-04-11","3240",
"2022-04-08","3369.5",
"2022-04-07","3393.5",
"2022-04-06","3431.5",
"2022-04-05","3451.5",
"2022-04-04","3415",
"2022-04-01","3436.5",
"2022-03-31","3465",
"2022-03-30","3545",
"2022-03-29","3448",
"2022-03-28","3605",
"2022-03-25","3616",
"2022-03-24","3565.5",
"2022-03-23","3676",
"2022-03-22","3504",
"2022-03-21","3522",
"2022-03-18","3388",
"2022-03-17","3383",
"2022-03-16","3258.5",
"2022-03-15","3292.5",
"2022-03-14","3306",
"2022-03-11","3480",
"2022-03-10","3395",
"2022-03-09","3300",
"2022-03-08","3671",
"2022-03-07","3737.5",
"2022-03-04","3840.5",
"2022-03-03","3766",
"2022-03-02","3575.5",
"2022-03-01","3485",
"2022-02-28","3402",
"2022-02-25","3377.5",
"2022-02-24","3362",
"2022-02-23","3291",
"2022-02-22","3300.5",
"2022-02-21","3288",
"2022-02-18","3266.5",
"2022-02-17","3258.5",
"2022-02-16","3248.5",
"2022-02-15","3194",
"2022-02-14","3223.5",
"2022-02-11","3194.5",
"2022-02-10","3236",
"2022-02-09","3263",
"2022-02-08","3188",
"2022-02-07","3134",
"2022-02-04","3084.5",
"2022-02-03","3036",
"2022-02-02","2995",
"2022-02-01","3035",
"2022-01-31","3025.5",
"2022-01-28","3060",
"2022-01-27","3098.5",
"2022-01-26","3095.5",
"2022-01-25","3093.5",
"2022-01-24","3038",
"2022-01-21","3022.5",
"2022-01-20","3113",
"2022-01-19","3047.5",
"2022-01-18","3016.5",
"2022-01-17","2999.5",
"2022-01-14","2986.5",
"2022-01-13","2958",
"2022-01-12","2944",
"2022-01-11","2981",
"2022-01-10","2933",
"2022-01-07","2922.5",
"2022-01-06","2930",
"2022-01-05","2911",
"2022-01-04","2832",
"2021-12-31","2813",
"2021-12-30","2812",
"2021-12-29","2812",
"2021-12-24","2820",
"2021-12-23","2847",
"2021-12-22","2822",
"2021-12-21","2764",
"2021-12-20","2663",
"2021-12-17","2733.5",
"2021-12-16","2681",
"2021-12-15","2596",
"2021-12-14","2622",
"2021-12-13","2655.5",
"2021-12-10","2607",
"2021-12-09","2627",
"2021-12-08","2631.5",
"2021-12-07","2624",
"2021-12-06","2594",
"2021-12-03","2613",
"2021-12-02","2606",
"2021-12-01","2646",
"2021-11-30","2625",
"2021-11-29","2646",
"2021-11-26","2592",
"2021-11-25","2714.5",
"2021-11-24","2703",
"2021-11-23","2672",
"2021-11-22","2689.5",
"2021-11-19","2681",
"2021-11-18","2623.5",
"2021-11-17","2609",
"2021-11-16","2573",
"2021-11-15","2634.5",
"2021-11-12","2697.5",
"2021-11-11","2655",
"2021-11-10","2576.5",
"2021-11-09","2561.5",
"2021-11-08","2599",
"2021-11-05","2548.5",
"2021-11-04","2551",
"2021-11-03","2686",
"2021-11-02","2680",
"2021-11-01","2719.5",
"2021-10-29","2733.5",
"2021-10-28","2748",
"2021-10-27","2662.5",
"2021-10-26","2832",
"2021-10-25","2890",
"2021-10-22","2875",
"2021-10-21","2903.5",
"2021-10-20","3095",
"2021-10-19","3103",
"2021-10-18","3169",
"2021-10-15","3170",
"2021-10-14","3137.5",
"2021-10-13","3052",
"2021-10-12","3066",
"2021-10-11","3040.5",
"2021-10-08","2959",
"2021-10-07","2941",
"2021-10-06","2897",
"2021-10-05","2921.5",
"2021-10-04","2913",
"2021-10-01","2868",
"2021-09-30","2856",
"2021-09-29","2910",
"2021-09-28","2932",
"2021-09-27","2901.5",
"2021-09-24","2924.5",
"2021-09-23","2955.5",
"2021-09-22","2937",
"2021-09-21","2848",
"2021-09-20","2860",
"2021-09-17","2871",
"2021-09-16","2887",
"2021-09-15","2893",
"2021-09-14","2826.5",
"2021-09-13","2888",
"2021-09-10","2922.5",
"2021-09-09","2835",
"2021-09-08","2791",
"2021-09-07","2764.5",
"2021-09-06","2767.5",
"2021-09-03","2731",
"2021-09-02","2699",
"2021-09-01","2690.5",
"2021-08-31","2706",
"2021-08-27","2652",
"2021-08-26","2619.5",
"2021-08-25","2618",
"2021-08-24","2604",
"2021-08-23","2593.5",
"2021-08-20","2552.5",
"2021-08-19","2540.5",
"2021-08-18","2562.5",
"2021-08-17","2575.5",
"2021-08-16","2604.5",
"2021-08-13","2609",
"2021-08-12","2573.5",
"2021-08-11","2585.5",
"2021-08-10","2584.5",
"2021-08-09","2552.5",
"2021-08-06","2583.5",
"2021-08-05","2586",
"2021-08-04","2562.5",
"2021-08-03","2588.5",
"2021-08-02","2613",
"2021-07-30","2597",
"2021-07-29","2593.5",
"2021-07-28","2521",
"2021-07-27","2485",
"2021-07-26","2502",
"2021-07-23","2505",
"2021-07-22","2465",
"2021-07-21","2456.5",
"2021-07-20","2444",
"2021-07-19","2417",
"2021-07-16","2486.5",
"2021-07-15","2510",
"2021-07-14","2517",
"2021-07-13","2535.5",
"2021-07-12","2493.5",
"2021-07-09","2494",
"2021-07-08","2450.5",
"2021-07-07","2487",
"2021-07-06","2505.5",
"2021-07-05","2558",
"2021-07-02","2557",
"2021-07-01","2507.5",
"2021-06-30","2522",
"2021-06-29","2530",
"2021-06-28","2531",
"2021-06-25","2494",
"2021-06-24","2440",
"2021-06-23","2433",
"2021-06-22","2423.5",
"2021-06-21","2400",
"2021-06-18","2382.5",
"2021-06-17","2362",
"2021-06-16","2471",
"2021-06-15","2448.5",
"2021-06-14","2488.5",
"2021-06-11","2461.5",
"2021-06-10","2476.5",
"2021-06-09","2451.5",
"2021-06-08","2448.5",
"2021-06-07","2420.5",
"2021-06-04","2455",
"2021-06-03","2403.5",
"2021-06-02","2434",
"2021-06-01","2482",
"2021-05-28","2506",
"2021-05-27","2484.5",
"2021-05-26","2413.5",
"2021-05-25","2383.5",
"2021-05-24","2390",
"2021-05-21","2377.5",
"2021-05-20","2370",
"2021-05-19","2429",
"2021-05-18","2465",
"2021-05-17","2494.5",
"2021-05-14","2446",
"2021-05-13","2454",
"2021-05-12","2493.5",
"2021-05-11","2532",
"2021-05-10","2528.5",
"2021-05-07","2532",
"2021-05-06","2509.5",
"2021-05-05","2446.5",
"2021-05-04","2429",
"2021-04-30","2417",
"2021-04-29","2414",
"2021-04-28","2399.5",
"2021-04-27","2397.5",
"2021-04-26","2402",
"2021-04-23","2369",
"2021-04-22","2358.5",
"2021-04-21","2363.5",
"2021-04-20","2312.5",
"2021-04-19","2328",
"2021-04-16","2319.5",
"2021-04-15","2336",
"2021-04-14","2327",
"2021-04-13","2304",
"2021-04-12","2265.5",
"2021-04-09","2269",
"2021-04-08","2285",
"2021-04-07","2257.5",
"2021-04-06","2260",
"2021-04-01","2230",
"2021-03-31","2212.5",
"2021-03-30","2227",
"2021-03-29","2273",
"2021-03-26","2273",
"2021-03-25","2256",
"2021-03-24","2248",
"2021-03-23","2214",
"2021-03-22","2273",
"2021-03-19","2274",
"2021-03-18","2215",
"2021-03-17","2230",
"2021-03-16","2195.5",
"2021-03-15","2220",
"2021-03-12","2171.5",
"2021-03-11","2185.5",
"2021-03-10","2165",
"2021-03-09","2164",
"2021-03-08","2172.5",
"2021-03-05","2181.5",
"2021-03-04","2130",
"2021-03-03","2213.5",
"2021-03-02","2223",
"2021-03-01","2121",
"2021-02-26","2157",
"2021-02-25","2217",
"2021-02-24","2200.5",
"2021-02-23","2154",
"2021-02-22","2174.5",
"2021-02-19","2136",
"2021-02-18","2141.5",
"2021-02-17","2112.5",
"2021-02-16","2085.5",
"2021-02-15","2080",
"2021-02-12","2089",
"2021-02-11","2079.5",
"2021-02-10","2068.5",
"2021-02-09","2061.5",
"2021-02-08","2027",
"2021-02-05","2017",
"2021-02-04","1994",
"2021-02-03","1974",
"2021-02-02","1970.5",
"2021-02-01","1960.5",
"2021-01-29","1975",
"2021-01-28","1981",
"2021-01-27","1986",
"2021-01-26","2023",
"2021-01-25","2018.5",
"2021-01-22","1994.5",
"2021-01-21","1998",
"2021-01-20","1987",
"2021-01-19","1973",
"2021-01-18","1970",
"2021-01-15","1982",
"2021-01-14","2008",
"2021-01-13","2013.5",
"2021-01-12","2024.5",
"2021-01-11","2009",
"2021-01-08","2015.5",
"2021-01-07","2026",
"2021-01-06","2030.5",
"2021-01-05","2046.5",
"2021-01-04","2029",
"2020-12-31","1980.5",
"2020-12-30","1995",
"2020-12-29","1982",
"2020-12-24","2021.5",
"2020-12-23","2004",
"2020-12-22","1993.5",
"2020-12-21","2055",
"2020-12-18","2055",
"2020-12-17","2066",
"2020-12-16","2025",
"2020-12-15","2026",
"2020-12-14","2047.5",
"2020-12-11","2031.5",
"2020-12-10","2047",
"2020-12-09","2035.5",
"2020-12-08","1998",
"2020-12-07","2013",
"2020-12-04","2041",
"2020-12-03","2013.5",
"2020-12-02","2059",
"2020-12-01","2059",
"2020-11-30","2038.5",
"2020-11-27","1997",
"2020-11-26","1975.5",
"2020-11-25","1967",
"2020-11-24","1985.5",
"2020-11-23","1967",
"2020-11-20","1987",
"2020-11-19","1987.5",
"2020-11-18","1989.5",
"2020-11-17","1979.5",
"2020-11-16","1951",
"2020-11-13","1932.5",
"2020-11-12","1927.5",
"2020-11-11","1915.5",
"2020-11-10","1911",
"2020-11-09","1901",
"2020-11-06","1899",
"2020-11-05","1892.5",
"2020-11-04","1907",
"2020-11-03","1893",
"2020-11-02","1871",
"2020-10-30","1848",
"2020-10-29","1804",
"2020-10-28","1809.5",
"2020-10-27","1818.5",
"2020-10-26","1821.5",
"2020-10-23","1842",
"2020-10-22","1848",
"2020-10-21","1847",
"2020-10-20","1839.5",
"2020-10-19","1843.5",
"2020-10-16","1863",
"2020-10-15","1854.5",
"2020-10-14","1845",
"2020-10-13","1852.5",
"2020-10-12","1855",
"2020-10-09","1845",
"2020-10-08","1799",
"2020-10-07","1785",
"2020-10-06","1768.5",
"2020-10-05","1779.5",
"2020-10-02","1759",
"2020-10-01","1736.5",
"2020-09-30","1763",
"2020-09-29","1777",
"2020-09-28","1783",
"2020-09-25","1759.5",
"2020-09-24","1747.5",
"2020-09-23","1754.5",
"2020-09-22","1778.5",
"2020-09-21","1780.5",
"2020-09-18","1795",
"2020-09-17","1781",
"2020-09-16","1792",
"2020-09-15","1793",
"2020-09-14","1801.5",
"2020-09-11","1775",
"2020-09-10","1778",
"2020-09-09","1783",
"2020-09-08","1795",
"2020-09-07","1795",
"2020-09-04","1790",
"2020-09-03","1776",
"2020-09-02","1789",
"2020-09-01","1818.5",
"2020-08-28","1798",
"2020-08-27","1777.5",
"2020-08-26","1777",
"2020-08-25","1777.5",
"2020-08-24","1768.5",
"2020-08-21","1766.5",
"2020-08-20","1783",
"2020-08-19","1791",
"2020-08-18","1773",
"2020-08-17","1757",
"2020-08-14","1741",
"2020-08-13","1761.5",
"2020-08-12","1784.5",
"2020-08-11","1785.5",
"2020-08-10","1781.5",
"2020-08-07","1757",
"2020-08-06","1776.5",
"2020-08-05","1758.5",
"2020-08-04","1766.5",
"2020-08-03","1744.5",
"2020-07-31","1708",
"2020-07-30","1723.5",
"2020-07-29","1727",
"2020-07-28","1725.5",
"2020-07-27","1709.5",
"2020-07-24","1696",
"2020-07-23","1706.5",
"2020-07-22","1688",
"2020-07-21","1699",
"2020-07-20","1662.5",
"2020-07-17","1663",
"2020-07-16","1668",
"2020-07-15","1677",
"2020-07-14","1682.5",
"2020-07-13","1689",
"2020-07-10","1687.5",
"2020-07-09","1649",
"2020-07-08","1665",
"2020-07-07","1635",
"2020-07-06","1634",
"2020-07-03","1612",
"2020-07-02","1624",
"2020-07-01","1623.5",
"2020-06-30","1616.5",
"2020-06-29","1612",
"2020-06-26","1597.5",
"2020-06-25","1571",
"2020-06-24","1575.5",
"2020-06-23","1591",
"2020-06-22","1600.5",
"2020-06-19","1585",
"2020-06-18","1599.5",
"2020-06-17","1607",
"2020-06-16","1602",
"2020-06-15","1586.5",
"2020-06-12","1576",
"2020-06-11","1594",
"2020-06-10","1627",
"2020-06-09","1602.5",
"2020-06-08","1605",
"2020-06-05","1592",
"2020-06-04","1563",
"2020-06-03","1565",
"2020-06-02","1557.5",
"2020-06-01","1537",
"2020-05-29","1547",
"2020-05-28","1538",
"2020-05-27","1529",
"2020-05-26","1521.5",
"2020-05-22","1503",
"2020-05-21","1521",
"2020-05-20","1513",
"2020-05-19","1487.5",
"2020-05-18","1499",
"2020-05-15","1460",
"2020-05-14","1475",
"2020-05-13","1476",
"2020-05-12","1478",
"2020-05-11","1496.5",
"2020-05-07","1490",
"2020-05-06","1480",
"2020-05-05","1489",
"2020-05-04","1484",
"2020-05-01","1483",
"2020-04-30","1495",
"2020-04-29","1504",
"2020-04-28","1504",
"2020-04-27","1505",
"2020-04-24","1514.5",
"2020-04-23","1510",
"2020-04-22","1520",
"2020-04-21","1490",
"2020-04-20","1503.5",
"2020-04-17","1505.5",
"2020-04-16","1513",
"2020-04-15","1508.5",
"2020-04-14","1491.5",
"2020-04-09","1481",
"2020-04-08","1468.5",
"2020-04-07","1478",
"2020-04-06","1473.5",
"2020-04-03","1479",
"2020-04-02","1504",
"2020-04-01","1494.5",
"2020-03-31","1525.5",
"2020-03-30","1528",
"2020-03-27","1550",
"2020-03-26","1540",
"2020-03-25","1546.5",
"2020-03-24","1552.5",
"2020-03-23","1558.5",
"2020-03-20","1577.5",
"2020-03-19","1628.5",
"2020-03-18","1635.5",
"2020-03-17","1643",
"2020-03-16","1681",
"2020-03-13","1687.5",
"2020-03-12","1660",
"2020-03-11","1672",
"2020-03-10","1700",
"2020-03-09","1688.5",
"2020-03-06","1685.5",
"2020-03-05","1717",
"2020-03-04","1723.5",
"2020-03-03","1727",
"2020-03-02","1716",
"2020-02-28","1699",
"2020-02-27","1689",
"2020-02-26","1700",
"2020-02-25","1702",
"2020-02-24","1697.5",
"2020-02-21","1711",
"2020-02-20","1712",
"2020-02-19","1723.5",
"2020-02-18","1721",
"2020-02-17","1717",
"2020-02-14","1720",
"2020-02-13","1752",
"2020-02-12","1733.5",
"2020-02-11","1737.5",
"2020-02-10","1705.5",
"2020-02-07","1718.5",
"2020-02-06","1739.5",
"2020-02-05","1723",
"2020-02-04","1698",
"2020-02-03","1697",
"2020-01-31","1725",
"2020-01-30","1728.5",
"2020-01-29","1739.5",
"2020-01-28","1752",
"2020-01-27","1766.5",
"2020-01-24","1782.5",
"2020-01-23","1794",
"2020-01-22","1809.5",
"2020-01-21","1825",
"2020-01-20","1815.5",
"2020-01-17","1804",
"2020-01-16","1808",
"2020-01-15","1800",
"2020-01-14","1808.5",
"2020-01-13","1795.5",
"2020-01-10","1809.5",
"2020-01-09","1802",
"2020-01-08","1799.5",
"2020-01-07","1817.5",
"2020-01-06","1832",
"2020-01-03","1819",
"2020-01-02","1800",
"2019-12-31","1803",
"2019-12-30","1823.5",
"2019-12-27","1822",
"2019-12-24","1817",
"2019-12-23","1805.5",
"2019-12-20","1800.5",
"2019-12-19","1800",
"2019-12-18","1780",
"2019-12-17","1764",
"2019-12-16","1776",
"2019-12-13","1764.5",
"2019-12-12","1771.5",
"2019-12-11","1759.5",
"2019-12-10","1752",
"2019-12-09","1759",
"2019-12-06","1761",
"2019-12-05","1747.5",
"2019-12-04","1757.5",
"2019-12-03","1767",
"2019-12-02","1790",
"2019-11-29","1760",
"2019-11-28","1757.5",
"2019-11-27","1771.5",
"2019-11-26","1758.5",
"2019-11-25","1740.5",
"2019-11-22","1738.5",
"2019-11-21","1742",
"2019-11-20","1742",
"2019-11-19","1734.5",
"2019-11-18","1736.5",
"2019-11-15","1756",
"2019-11-14","1747",
"2019-11-13","1765.5",
"2019-11-12","1779",
"2019-11-11","1778",
"2019-11-08","1807",
"2019-11-07","1810",
"2019-11-06","1803",
"2019-11-05","1807.5",
"2019-11-04","1810",
"2019-11-01","1789",
"2019-10-31","1756.5",
"2019-10-30","1751",
"2019-10-29","1751",
"2019-10-28","1736.5",
"2019-10-25","1732",
"2019-10-24","1717",
"2019-10-23","1725",
"2019-10-22","1718.5",
"2019-10-21","1723.5",
"2019-10-18","1735.5",
"2019-10-17","1728",
"2019-10-16","1725",
"2019-10-15","1727",
"2019-10-14","1719",
"2019-10-11","1721",
"2019-10-10","1749",
"2019-10-09","1743.5",
"2019-10-08","1743.5",
"2019-10-07","1748.5",
"2019-10-04","1726",
"2019-10-03","1718",
"2019-10-02","1710.5",
"2019-10-01","1742",
"2019-09-30","1718",
"2019-09-27","1739.5",
"2019-09-26","1738",
"2019-09-25","1752",
"2019-09-24","1762",
"2019-09-23","1784.5",
"2019-09-20","1785.5",
"2019-09-19","1794",
"2019-09-18","1791.5",
"2019-09-17","1793",
"2019-09-16","1787",
"2019-09-13","1808.5",
"2019-09-12","1793",
"2019-09-11","1816",
"2019-09-10","1821.5",
"2019-09-09","1799",
"2019-09-06","1782",
"2019-09-05","1791",
"2019-09-04","1769.5",
"2019-09-03","1754.5",
"2019-09-02","1748.5",
"2019-08-30","1755.5",
"2019-08-29","1754",
"2019-08-28","1748",
"2019-08-27","1759.5",
"2019-08-23","1767.5",
"2019-08-22","1767",
"2019-08-21","1778",
"2019-08-20","1781",
"2019-08-19","1791.5",
"2019-08-16","1795.5",
"2019-08-15","1784",
"2019-08-14","1784.5",
"2019-08-13","1785.5",
"2019-08-12","1768",
"2019-08-09","1774",
"2019-08-08","1777.5",
"2019-08-07","1759",
"2019-08-06","1762",
"2019-08-05","1765",
"2019-08-02","1773",
"2019-08-01","1776",
"2019-07-31","1799",
"2019-07-30","1802",
"2019-07-29","1811.5",
"2019-07-26","1803",
"2019-07-25","1825",
"2019-07-24","1824.5",
"2019-07-23","1821",
"2019-07-22","1813.5",
"2019-07-19","1846.5",
"2019-07-18","1849.5",
"2019-07-17","1847",
"2019-07-16","1842.5",
"2019-07-15","1842",
"2019-07-12","1828",
"2019-07-11","1821",
"2019-07-10","1850",
"2019-07-09","1818.5",
"2019-07-08","1804.5",
"2019-07-05","1802",
"2019-07-04","1809",
"2019-07-03","1788",
"2019-07-02","1779",
"2019-07-01","1791.5",
"2019-06-28","1793",
"2019-06-27","1797",
"2019-06-26","1814",
"2019-06-25","1812",
"2019-06-24","1769",
"2019-06-21","1767.5",
"2019-06-20","1780",
"2019-06-19","1776.5",
"2019-06-18","1778",
"2019-06-17","1757.5",
"2019-06-14","1758",
"2019-06-13","1786",
"2019-06-12","1788",
"2019-06-11","1778",
"2019-06-10","1775.5",
"2019-06-07","1761.5",
"2019-06-06","1776.5",
"2019-06-05","1770",
"2019-06-04","1774.5",
"2019-06-03","1773",
"2019-05-31","1794",
"2019-05-30","1781",
"2019-05-29","1796",
"2019-05-28","1803",
"2019-05-24","1802",
"2019-05-23","1796",
"2019-05-22","1781",
"2019-05-21","1793.5",
"2019-05-20","1789.5",
"2019-05-17","1831.5",
"2019-05-16","1855",
"2019-05-15","1851.5",
"2019-05-14","1839",
"2019-05-13","1810.5",
"2019-05-10","1815",
"2019-05-09","1806.5",
"2019-05-08","1799",
"2019-05-07","1818",
"2019-05-03","1799",
"2019-05-02","1818",
"2019-05-01","1825.5",
"2019-04-30","1804.5",
"2019-04-29","1828",
"2019-04-26","1846.5",
"2019-04-25","1858.5",
"2019-04-24","1871.5",
"2019-04-23","1876",
"2019-04-22","1868",
"2019-04-19","1868",
"2019-04-18","1868",
"2019-04-17","1852.5",
"2019-04-16","1853.5",
"2019-04-15","1863",
"2019-04-12","1864",
"2019-04-11","1859",
"2019-04-10","1866.5",
"2019-04-09","1879",
"2019-04-08","1873",
"2019-04-05","1882.5",
"2019-04-04","1909",
"2019-04-03","1895.5",
"2019-04-02","1883.5",
"2019-04-01","1892",
"2019-03-29","1913.5",
"2019-03-28","1904",
"2019-03-27","1902",
"2019-03-26","1899.5",
"2019-03-25","1886",
"2019-03-22","1901.5",
"2019-03-21","1903.5",
"2019-03-20","1934.5",
"2019-03-19","1940.5",
"2019-03-18","1924.5",
"2019-03-15","1901",
"2019-03-14","1906",
"2019-03-13","1904",
"2019-03-12","1877",
"2019-03-11","1851",
"2019-03-08","1865",
"2019-03-07","1863",
"2019-03-06","1862.5",
"2019-03-05","1871",
"2019-03-04","1872",
"2019-03-01","1910.5",
"2019-02-28","1905",
"2019-02-27","1922",
"2019-02-26","1917",
"2019-02-25","1903",
"2019-02-22","1914.5",
"2019-02-21","1906.5",
"2019-02-20","1876",
"2019-02-19","1857",
"2019-02-18","1854",
"2019-02-15","1855.5",
"2019-02-14","1849.5",
"2019-02-13","1865",
"2019-02-12","1855",
"2019-02-11","1878",
"2019-02-08","1878",
"2019-02-07","1893.5",
"2019-02-06","1908",
"2019-02-05","1924.5",
"2019-02-04","1920.5",
"2019-02-01","1875",
"2019-01-31","1906.5",
"2019-01-30","1905",
"2019-01-29","1898",
"2019-01-28","1868",
"2019-01-25","1905",
"2019-01-24","1885.5",
"2019-01-23","1896",
"2019-01-22","1893",
"2019-01-21","1849.5",
"2019-01-18","1870",
"2019-01-17","1852",
"2019-01-16","1841.5",
"2019-01-15","1851.5",
"2019-01-14","1830",
"2019-01-11","1833.5",
"2019-01-10","1852",
"2019-01-09","1853",
"2019-01-08","1858.5",
"2019-01-07","1878",
"2019-01-04","1868",
"2019-01-03","1848.5",
"2019-01-02","1794.5",
"2019-01-01","1853",
"2018-12-31","1853",
"2018-12-28","1847.5",
"2018-12-27","1860",
"2018-12-25","1883",
"2018-12-24","1883",
"2018-12-21","1907",
"2018-12-20","1915.5",
"2018-12-19","1908",
"2018-12-18","1926.5",
"2018-12-17","1936",
"2018-12-14","1925.5",
"2018-12-13","1930",
"2018-12-12","1936",
"2018-12-11","1936",
"2018-12-10","1947",
"2018-12-07","1963",
"2018-12-06","1941",
"2018-12-05","1973",
"2018-12-04","1970",
"2018-12-03","1974",
"2018-11-30","1950",
"2018-11-29","1933.5",
"2018-11-28","1937.5",
"2018-11-27","1924.5",
"2018-11-26","1949",
"2018-11-23","1942",
"2018-11-22","1948.5",
"2018-11-21","1954.5",
"2018-11-20","1942",
"2018-11-19","1931.5",
"2018-11-16","1947",
"2018-11-15","1938",
"2018-11-14","1942",
"2018-11-13","1937.5",
"2018-11-12","1937",
"2018-11-09","1955",
"2018-11-08","1981",
"2018-11-07","1985.5",
"2018-11-06","1954",
"2018-11-05","1974.5",
"2018-11-02","1978",
"2018-11-01","1970.5",
"2018-10-31","1955",
"2018-10-30","1966.5",
"2018-10-29","1980.5",
"2018-10-26","2006",
"2018-10-25","1990.5",
"2018-10-24","2004",
"2018-10-23","2003",
"2018-10-22","2010",
"2018-10-19","2006.5",
"2018-10-18","2008",
"2018-10-17","2023.5",
"2018-10-16","2037.5",
"2018-10-15","2033",
"2018-10-12","2030.5",
"2018-10-11","2025",
"2018-10-10","2037.5",
"2018-10-09","2056.5",
"2018-10-08","2068",
"2018-10-05","2105.5",
"2018-10-04","2173",
"2018-10-03","2245",
"2018-10-02","2110",
"2018-10-01","2082",
"2018-09-28","2054",
"2018-09-27","2025",
"2018-09-26","2055",
"2018-09-25","2064.5",
"2018-09-24","2044",
"2018-09-21","2081",
"2018-09-20","2056.5",
"2018-09-19","2030",
"2018-09-18","2029",
"2018-09-17","2033.5",
"2018-09-14","2034",
"2018-09-13","2044.5",
"2018-09-12","2057.5",
"2018-09-11","2050",
"2018-09-10","2077",
"2018-09-07","2063",
"2018-09-06","2046.5",
"2018-09-05","2060",
"2018-09-04","2063",
"2018-09-03","2089.5",
"2018-08-31","2118",
"2018-08-30","2128",
"2018-08-29","2157",
"2018-08-28","2133",
"2018-08-24","2084",
"2018-08-23","2070",
"2018-08-22","2065",
"2018-08-21","2064.5",
"2018-08-20","2058.5",
"2018-08-17","2032",
"2018-08-16","2038",
"2018-08-15","2022",
"2018-08-14","2069.5",
"2018-08-13","2080",
"2018-08-10","2078.5",
"2018-08-09","2069",
"2018-08-08","2116.5",
"2018-08-07","2033",
"2018-08-06","2053",
"2018-08-03","2027.5",
"2018-08-02","2037.5",
"2018-08-01","2052",
"2018-07-31","2078",
"2018-07-30","2077.5",
"2018-07-27","2053",
"2018-07-26","2068",
"2018-07-25","2064",
"2018-07-24","2078.5",
"2018-07-23","2065",
"2018-07-20","2042.5",
"2018-07-19","2006",
"2018-07-18","2035.5",
"2018-07-17","2031.5",
"2018-07-16","2062.5",
"2018-07-13","2036",
"2018-07-12","2041.5",
"2018-07-11","2060.5",
"2018-07-10","2085.5",
"2018-07-09","2103.5",
"2018-07-06","2086.5",
"2018-07-05","2080",
"2018-07-04","2103",
"2018-07-03","2090",
"2018-07-02","2114",
"2018-06-29","2132",
"2018-06-28","2153",
"2018-06-27","2165",
"2018-06-26","2194",
"2018-06-25","2149.5",
"2018-06-22","2176.5",
"2018-06-21","2187.5",
"2018-06-20","2175",
"2018-06-19","2179",
"2018-06-18","2228",
"2018-06-15","2212.5",
"2018-06-14","2252.5",
"2018-06-13","2279",
"2018-06-12","2292.5",
"2018-06-11","2309",
"2018-06-08","2310",
"2018-06-07","2285",
"2018-06-06","2331",
"2018-06-05","2316.5",
"2018-06-04","2308.5",
"2018-06-01","2299",
"2018-05-31","2292.5",
"2018-05-30","2267",
"2018-05-29","2269",
"2018-05-25","2266.5",
"2018-05-24","2292",
"2018-05-23","2270.5",
"2018-05-22","2261",
"2018-05-21","2276.5",
"2018-05-18","2265",
"2018-05-17","2290",
"2018-05-16","2311.5",
"2018-05-15","2325",
"2018-05-14","2315",
"2018-05-11","2275.5",
"2018-05-10","2310.5",
"2018-05-09","2355",
"2018-05-08","2354.5",
"2018-05-04","2343",
"2018-05-03","2281",
"2018-05-02","2320",
"2018-05-01","2244",
"2018-04-30","2250",
"2018-04-27","2225.5",
"2018-04-26","2270",
"2018-04-25","2234.5",
"2018-04-24","2211.5",
"2018-04-23","2254.5",
"2018-04-20","2489",
"2018-04-19","2477",
"2018-04-18","2550",
"2018-04-17","2411",
"2018-04-16","2382",
"2018-04-13","2275.5",
"2018-04-12","2283.5",
"2018-04-11","2248.5",
"2018-04-10","2211",
"2018-04-09","2132.5",
"2018-04-06","2054",
"2018-04-05","2007",
"2018-04-04","1993",
"2018-04-03","1998",
"2018-04-02","2005",
"2018-03-30","2005",
"2018-03-29","2005",
"2018-03-28","2032.5",
"2018-03-27","2045",
"2018-03-26","2048.5",
"2018-03-23","2054",
"2018-03-22","2069.5",
"2018-03-21","2080",
"2018-03-20","2080.5",
"2018-03-19","2089",
"2018-03-16","2087",
"2018-03-15","2086.5",
"2018-03-14","2089",
"2018-03-13","2104",
"2018-03-12","2095",
"2018-03-09","2120",
"2018-03-08","2107.5",
"2018-03-07","2100",
"2018-03-06","2141",
"2018-03-05","2146.5",
"2018-03-02","2148.5",
"2018-03-01","2148",
"2018-02-28","2131.5",
"2018-02-27","2148",
"2018-02-26","2139",
"2018-02-23","2147.5",
"2018-02-22","2185.5",
"2018-02-21","2207.5",
"2018-02-20","2187",
"2018-02-19","2201",
"2018-02-16","2199.5",
"2018-02-15","2154",
"2018-02-14","2187.5",
"2018-02-13","2139.5",
"2018-02-12","2133",
"2018-02-09","2121.5",
"2018-02-08","2169.5",
"2018-02-07","2160.5",
"2018-02-06","2170",
"2018-02-05","2207",
"2018-02-02","2214.5",
"2018-02-01","2232",
"2018-01-31","2209.5",
"2018-01-30","2224",
"2018-01-29","2228",
"2018-01-26","2260",
"2018-01-25","2232.5",
"2018-01-24","2247",
"2018-01-23","2228",
"2018-01-22","2247.5",
"2018-01-19","2215",
"2018-01-18","2244",
"2018-01-17","2195",
"2018-01-16","2196",
"2018-01-15","2226",
"2018-01-12","2220",
"2018-01-11","2182",
"2018-01-10","2186",
"2018-01-09","2155.5",
"2018-01-08","2174",
"2018-01-05","2205.5",
"2018-01-04","2245.5",
"2018-01-03","2229.5",
"2018-01-02","2265",
"2017-12-29","2280",
"2017-12-28","2277",
"2017-12-27","2254",
"2017-12-22","2183",
"2017-12-21","2149.5",
"2017-12-20","2123",
"2017-12-19","2102",
"2017-12-18","2075",
"2017-12-15","2061",
"2017-12-14","2044",
"2017-12-13","2017.5",
"2017-12-12","2017",
"2017-12-11","2028",
"2017-12-08","2017",
"2017-12-07","2016.5",
"2017-12-06","2023.5",
"2017-12-05","2055.5",
"2017-12-04","2070",
"2017-12-01","2075",
"2017-11-30","2044",
"2017-11-29","2053",
"2017-11-28","2099",
"2017-11-27","2131.5",
"2017-11-24","2130",
"2017-11-23","2110",
"2017-11-22","2102",
"2017-11-21","2089",
"2017-11-20","2085.5",
"2017-11-17","2109.5",
"2017-11-16","2112",
"2017-11-15","2104",
"2017-11-14","2090",
"2017-11-13","2110.5",
"2017-11-10","2105.5",
"2017-11-09","2095",
"2017-11-08","2107",
"2017-11-07","2135",
"2017-11-06","2169",
"2017-11-03","2184",
"2017-11-02","2171",
"2017-11-01","2173",
"2017-10-31","2166",
"2017-10-30","2155.5",
"2017-10-27","2185",
"2017-10-26","2190",
"2017-10-25","2190",
"2017-10-24","2161",
"2017-10-23","2141",
"2017-10-20","2135",
"2017-10-19","2149",
"2017-10-18","2119",
"2017-10-17","2142",
"2017-10-16","2136",
"2017-10-13","2137",
"2017-10-12","2148",
"2017-10-11","2135",
"2017-10-10","2162.5",
"2017-10-09","2171",
"2017-10-06","2146.5",
"2017-10-05","2169.5",
"2017-10-04","2163",
"2017-10-03","2143.5",
"2017-10-02","2103.5",
"2017-09-29","2106",
"2017-09-28","2138",
"2017-09-27","2129.5",
"2017-09-26","2124",
"2017-09-25","2151",
"2017-09-22","2160",
"2017-09-21","2157",
"2017-09-20","2188",
"2017-09-19","2128.5",
"2017-09-18","2092",
"2017-09-15","2089.5",
"2017-09-14","2104",
"2017-09-13","2109",
"2017-09-12","2138.5",
"2017-09-11","2121.5",
"2017-09-08","2091.5",
"2017-09-07","2114",
"2017-09-06","2115",
"2017-09-05","2092.5",
"2017-09-04","2117.5",
"2017-09-01","2141",
"2017-08-31","2128",
"2017-08-30","2093",
"2017-08-29","2092",
"2017-08-28","2071.5",
"2017-08-25","2071.5",
"2017-08-24","2098",
"2017-08-23","2109",
"2017-08-22","2075.5",
"2017-08-21","2087",
"2017-08-18","2063",
"2017-08-17","2066.5",
"2017-08-16","2091",
"2017-08-15","2048.5",
"2017-08-14","2027",
"2017-08-11","2044",
"2017-08-10","2034.5",
"2017-08-09","2024",
"2017-08-08","2028",
"2017-08-07","1973.5",
"2017-08-04","1908",
"2017-08-03","1913",
"2017-08-02","1926",
"2017-08-01","1909.5",
"2017-07-31","1918",
"2017-07-28","1911.5",
"2017-07-27","1934",
"2017-07-26","1935.5",
"2017-07-25","1939.5",
"2017-07-24","1912.5",
"2017-07-21","1916",
"2017-07-20","1921",
"2017-07-19","1920",
"2017-07-18","1930",
"2017-07-17","1912.5",
"2017-07-14","1926",
"2017-07-13","1923.5",
"2017-07-12","1889",
"2017-07-11","1900",
"2017-07-10","1896",
"2017-07-07","1931",
"2017-07-06","1940",
"2017-07-05","1931",
"2017-07-04","1927.5",
"2017-07-03","1927",
"2017-06-30","1923",
"2017-06-29","1911",
"2017-06-28","1896",
"2017-06-27","1888.5",
"2017-06-26","1865.5",
"2017-06-23","1865.5",
"2017-06-22","1870",
"2017-06-21","1866",
"2017-06-20","1887.5",
"2017-06-19","1889",
"2017-06-16","1874",
"2017-06-15","1876.5",
"2017-06-14","1880",
"2017-06-13","1894",
"2017-06-12","1888.5",
"2017-06-09","1908.5",
"2017-06-08","1905",
"2017-06-07","1904",
"2017-06-06","1905",
"2017-06-05","1903",
"2017-06-02","1931.5",
"2017-06-01","1932.5",
"2017-05-31","1930.5",
"2017-05-30","1931",
"2017-05-26","1952",
"2017-05-25","1960",
"2017-05-24","1948",
"2017-05-23","1950",
"2017-05-22","1938.5",
"2017-05-19","1943",
"2017-05-18","1924",
"2017-05-17","1928",
"2017-05-16","1929",
"2017-05-15","1908",
"2017-05-12","1886",
"2017-05-11","1873.5",
"2017-05-10","1866.5",
"2017-05-09","1871.5",
"2017-05-08","1879.5",
"2017-05-05","1900",
"2017-05-04","1917",
"2017-05-03","1920",
"2017-05-02","1931.5",
"2017-05-01","1918",
"2017-04-28","1918",
"2017-04-27","1926",
"2017-04-26","1969.5",
"2017-04-25","1962",
"2017-04-24","1950",
"2017-04-21","1935.5",
"2017-04-20","1949",
"2017-04-19","1913",
"2017-04-18","1898",
"2017-04-14","1918.5",
"2017-04-13","1918.5",
"2017-04-12","1898.5",
"2017-04-11","1922",
"2017-04-10","1921",
"2017-04-07","1962",
"2017-04-06","1953",
"2017-04-05","1966",
"2017-04-04","1938.5",
"2017-04-03","1947.5",
"2017-03-31","1960.5",
"2017-03-30","1965",
"2017-03-29","1955",
"2017-03-28","1940",
"2017-03-27","1930",
"2017-03-24","1938.5",
"2017-03-23","1933",
"2017-03-22","1925",
"2017-03-21","1923",
"2017-03-20","1920",
"2017-03-17","1915",
"2017-03-16","1903",
"2017-03-15","1885",
"2017-03-14","1865",
"2017-03-13","1880",
"2017-03-10","1881",
"2017-03-09","1874",
"2017-03-08","1872",
"2017-03-07","1884",
"2017-03-06","1877",
"2017-03-03","1890.5",
"2017-03-02","1910.5",
"2017-03-01","1942",
"2017-02-28","1921",
"2017-02-27","1897",
"2017-02-24","1885",
"2017-02-23","1865.5",
"2017-02-22","1893",
"2017-02-21","1882.5",
"2017-02-20","1901",
"2017-02-17","1884.5",
"2017-02-16","1904",
"2017-02-15","1915",
"2017-02-14","1887",
"2017-02-13","1871",
"2017-02-10","1876",
"2017-02-09","1852",
"2017-02-08","1848.5",
"2017-02-07","1830.5",
"2017-02-06","1834",
"2017-02-03","1840",
"2017-02-02","1832.5",
"2017-02-01","1820",
"2017-01-31","1822",
"2017-01-30","1810",
"2017-01-27","1824",
"2017-01-26","1818",
"2017-01-25","1833.5",
"2017-01-24","1866",
"2017-01-23","1850",
"2017-01-20","1845",
"2017-01-19","1818",
"2017-01-18","1817.5",
"2017-01-17","1798",
"2017-01-16","1786",
"2017-01-13","1813",
"2017-01-12","1789",
"2017-01-11","1757",
"2017-01-10","1740.5",
"2017-01-09","1722",
"2017-01-06","1718",
"2017-01-05","1698.5",
"2017-01-04","1688",
"2017-01-03","1687",
"2016-12-30","1688",
"2016-12-29","1684",
"2016-12-28","1704",
"2016-12-27","1715",
"2016-12-23","1715",
"2016-12-22","1724",
"2016-12-21","1727",
"2016-12-20","1725",
"2016-12-19","1709",
"2016-12-16","1716",
"2016-12-15","1741.5",
"2016-12-14","1740",
"2016-12-13","1740",
"2016-12-12","1733",
"2016-12-09","1743.5",
"2016-12-08","1727.5",
"2016-12-07","1712",
"2016-12-06","1707",
"2016-12-05","1726",
"2016-12-02","1718",
"2016-12-01","1720",
"2016-11-30","1731",
"2016-11-29","1719",
"2016-11-28","1735",
"2016-11-25","1766",
"2016-11-24","1761",
"2016-11-23","1779",
"2016-11-22","1760.5",
"2016-11-21","1718.5",
"2016-11-18","1695",
"2016-11-17","1694",
"2016-11-16","1699.5",
"2016-11-15","1731",
"2016-11-14","1734.5",
"2016-11-11","1749.5",
"2016-11-10","1768.5",
"2016-11-09","1754",
"2016-11-08","1731",
"2016-11-07","1728.5",
"2016-11-04","1719.5",
"2016-11-03","1728.5",
"2016-11-02","1716",
"2016-11-01","1733",
"2016-10-31","1736.5",
"2016-10-28","1715.5",
"2016-10-27","1692.5",
"2016-10-26","1682",
"2016-10-25","1670",
"2016-10-24","1634.5",
"2016-10-21","1626.5",
"2016-10-20","1617",
"2016-10-19","1632.5",
"2016-10-18","1642.5",
"2016-10-17","1666",
"2016-10-14","1673",
"2016-10-13","1694.5",
"2016-10-12","1677",
"2016-10-11","1680.5",
"2016-10-10","1691",
"2016-10-07","1674",
"2016-10-06","1677",
"2016-10-05","1674",
"2016-10-04","1669",
"2016-10-03","1678",
"2016-09-30","1673",
"2016-09-29","1668.5",
"2016-09-28","1660",
"2016-09-27","1647",
"2016-09-26","1660",
"2016-09-23","1636.5",
"2016-09-22","1630",
"2016-09-21","1581",
"2016-09-20","1573",
"2016-09-19","1584",
"2016-09-16","1576",
"2016-09-15","1574",
"2016-09-14","1586",
"2016-09-13","1565",
"2016-09-12","1569.5",
"2016-09-09","1575.5",
"2016-09-08","1593",
"2016-09-07","1590",
"2016-09-06","1588",
"2016-09-05","1579.5",
"2016-09-02","1594",
"2016-09-01","1617",
"2016-08-31","1615",
"2016-08-30","1631.5",
"2016-08-26","1647.5",
"2016-08-25","1644",
"2016-08-24","1649",
"2016-08-23","1670",
"2016-08-22","1667.5",
"2016-08-19","1669",
"2016-08-18","1683",
"2016-08-17","1694.5",
"2016-08-16","1693",
"2016-08-15","1675",
"2016-08-12","1651",
"2016-08-11","1652",
"2016-08-10","1642",
"2016-08-09","1644",
"2016-08-08","1641",
"2016-08-05","1645",
"2016-08-04","1623",
"2016-08-03","1643",
"2016-08-02","1621",
"2016-08-01","1634",
"2016-07-29","1639.5",
"2016-07-28","1609",
"2016-07-27","1595",
"2016-07-26","1596",
"2016-07-25","1610",
"2016-07-22","1611",
"2016-07-21","1602",
"2016-07-20","1622",
"2016-07-19","1644",
"2016-07-18","1658.5",
"2016-07-15","1670",
"2016-07-14","1682",
"2016-07-13","1674",
"2016-07-12","1675",
"2016-07-11","1652.5",
"2016-07-08","1660",
"2016-07-07","1639",
"2016-07-06","1653",
"2016-07-05","1655",
"2016-07-04","1643",
"2016-07-01","1658",
"2016-06-30","1647",
"2016-06-29","1636",
"2016-06-28","1628",
"2016-06-27","1595.5",
"2016-06-24","1618",
"2016-06-23","1641",
"2016-06-22","1631",
"2016-06-21","1637",
"2016-06-20","1633",
"2016-06-17","1615",
"2016-06-16","1607.5",
"2016-06-15","1626.5",
"2016-06-14","1608",
"2016-06-13","1599.5",
"2016-06-10","1574",
"2016-06-09","1578",
"2016-06-08","1595",
"2016-06-07","1565",
"2016-06-06","1555",
"2016-06-03","1543",
"2016-06-02","1539.5",
"2016-06-01","1570.5",
"2016-05-31","1557",
"2016-05-27","1557.5",
"2016-05-26","1555",
"2016-05-25","1543",
"2016-05-24","1553",
"2016-05-23","1552.5",
"2016-05-20","1549",
"2016-05-19","1547.5",
"2016-05-18","1555",
"2016-05-17","1543",
"2016-05-16","1550",
"2016-05-13","1537.5",
"2016-05-12","1548",
"2016-05-11","1565",
"2016-05-10","1559",
"2016-05-09","1560.5",
"2016-05-06","1598",
"2016-05-05","1606",
"2016-05-04","1632",
"2016-05-03","1637.5",
"2016-05-02","1672",
"2016-04-29","1672",
"2016-04-28","1664.5",
"2016-04-27","1646",
"2016-04-26","1645",
"2016-04-25","1651",
"2016-04-22","1652.5",
"2016-04-21","1635",
"2016-04-20","1624.5",
"2016-04-19","1585.5",
"2016-04-18","1565",
"2016-04-15","1554.5",
"2016-04-14","1558",
"2016-04-13","1555",
"2016-04-12","1536.5",
"2016-04-11","1504.5",
"2016-04-08","1521.5",
"2016-04-07","1498",
"2016-04-06","1512",
"2016-04-05","1524",
"2016-04-04","1538",
"2016-04-01","1538",
"2016-03-31","1521",
"2016-03-30","1497",
"2016-03-29","1493",
"2016-03-25","1478",
"2016-03-24","1478.5",
"2016-03-23","1480.5",
"2016-03-22","1500",
"2016-03-21","1512",
"2016-03-18","1518.5",
"2016-03-17","1530.5",
"2016-03-16","1514.5",
"2016-03-15","1516",
"2016-03-14","1540.5",
"2016-03-11","1563",
"2016-03-10","1566",
"2016-03-09","1577",
"2016-03-08","1566",
"2016-03-07","1598",
"2016-03-04","1586.5",
"2016-03-03","1575",
"2016-03-02","1590.5",
"2016-03-01","1579",
"2016-02-29","1572",
"2016-02-26","1561",
"2016-02-25","1558.5",
"2016-02-24","1571",
"2016-02-23","1547",
"2016-02-22","1575.5",
"2016-02-19","1551",
"2016-02-18","1522",
"2016-02-17","1523",
"2016-02-16","1528",
"2016-02-15","1506",
"2016-02-12","1501",
"2016-02-11","1484",
"2016-02-10","1484",
"2016-02-09","1481",
"2016-02-08","1504.5",
"2016-02-05","1503",
"2016-02-04","1535",
"2016-02-03","1521",
"2016-02-02","1499",
"2016-02-01","1519.5",
"2016-01-29","1515",
"2016-01-28","1512.5",
"2016-01-27","1526",
"2016-01-26","1496.5",
"2016-01-25","1480",
"2016-01-22","1485",
"2016-01-21","1480",
"2016-01-20","1470",
"2016-01-19","1481",
"2016-01-18","1486.5",
"2016-01-15","1472.5",
"2016-01-14","1487",
"2016-01-13","1458",
"2016-01-12","1449.5",
"2016-01-11","1462.5",
"2016-01-08","1488.5",
"2016-01-07","1470",
"2016-01-06","1474",
"2016-01-05","1469",
"2016-01-04","1470",
"2016-01-01","1501",
"2015-12-31","1501",
"2015-12-30","1534",
"2015-12-29","1525",
"2015-12-24","1540.5",
"2015-12-23","1543",
"2015-12-22","1506.5",
"2015-12-21","1515",
"2015-12-18","1506",
"2015-12-17","1475",
"2015-12-16","1492.5",
"2015-12-15","1477.5",
"2015-12-14","1484.5",
"2015-12-11","1483.5",
"2015-12-10","1490",
"2015-12-09","1488",
"2015-12-08","1475.5",
"2015-12-07","1485",
"2015-12-04","1511",
"2015-12-03","1478",
"2015-12-02","1480.5",
"2015-12-01","1478",
"2015-11-30","1449",
"2015-11-27","1461",
"2015-11-26","1515.5",
"2015-11-25","1459",
"2015-11-24","1455",
"2015-11-23","1432.5",
"2015-11-20","1450",
"2015-11-19","1469",
"2015-11-18","1471.5",
"2015-11-17","1472.5",
"2015-11-16","1471",
"2015-11-13","1490",
"2015-11-12","1492.5",
"2015-11-11","1516",
"2015-11-10","1508",
"2015-11-09","1504",
"2015-11-06","1523",
"2015-11-05","1503",
"2015-11-04","1499",
"2015-11-03","1506",
"2015-11-02","1491",
"2015-10-30","1478.5",
"2015-10-29","1472",
"2015-10-28","1485.5",
"2015-10-27","1481.5",
"2015-10-26","1477",
"2015-10-23","1500.5",
"2015-10-22","1485.5",
"2015-10-21","1515",
"2015-10-20","1543",
"2015-10-19","1546.5",
"2015-10-16","1569",
"2015-10-15","1579",
"2015-10-14","1595",
"2015-10-13","1592",
"2015-10-12","1593.5",
"2015-10-09","1612",
"2015-10-08","1561",
"2015-10-07","1579",
"2015-10-06","1558",
"2015-10-05","1561",
"2015-10-02","1567.5",
"2015-10-01","1566.5",
"2015-09-30","1572",
"2015-09-29","1567",
"2015-09-28","1554",
"2015-09-25","1569.5",
"2015-09-24","1579",
"2015-09-23","1578",
"2015-09-22","1587",
"2015-09-21","1615",
"2015-09-18","1621",
"2015-09-17","1631",
"2015-09-16","1627",
"2015-09-15","1617.5",
"2015-09-14","1615",
"2015-09-11","1644",
"2015-09-10","1634",
"2015-09-09","1628",
"2015-09-08","1632.5",
"2015-09-07","1598",
"2015-09-04","1610",
"2015-09-03","1625",
"2015-09-02","1600",
"2015-09-01","1597",
"2015-08-31","1605",
"2015-08-28","1605",
"2015-08-27","1557",
"2015-08-26","1532",
"2015-08-25","1556",
"2015-08-24","1528",
"2015-08-21","1545",
"2015-08-20","1568",
"2015-08-19","1553",
"2015-08-18","1551",
"2015-08-17","1566",
"2015-08-14","1575",
"2015-08-13","1573",
"2015-08-12","1586.5",
"2015-08-11","1589",
"2015-08-10","1612",
"2015-08-07","1584",
"2015-08-06","1591.5",
"2015-08-05","1596",
"2015-08-04","1616",
"2015-08-03","1611",
"2015-07-31","1620",
"2015-07-30","1645.5",
"2015-07-29","1659.5",
"2015-07-28","1664.5",
"2015-07-27","1643",
"2015-07-24","1645",
"2015-07-23","1637",
"2015-07-22","1661",
"2015-07-21","1662",
"2015-07-20","1686",
"2015-07-17","1698.5",
"2015-07-16","1713",
"2015-07-15","1714.5",
"2015-07-14","1704.5",
"2015-07-13","1708.5",
"2015-07-10","1699",
"2015-07-09","1695",
"2015-07-08","1671",
"2015-07-07","1674",
"2015-07-06","1695",
"2015-07-03","1705",
"2015-07-02","1720",
"2015-07-01","1728.5",
"2015-06-30","1690",
"2015-06-29","1701",
"2015-06-26","1707",
"2015-06-25","1723",
"2015-06-24","1714",
"2015-06-23","1725",
"2015-06-22","1707",
"2015-06-19","1695.5",
"2015-06-18","1704.5",
"2015-06-17","1700.5",
"2015-06-16","1704",
"2015-06-15","1715",
"2015-06-12","1740",
"2015-06-11","1746.5",
"2015-06-10","1759",
"2015-06-09","1749.5",
"2015-06-08","1748",
"2015-06-05","1750",
"2015-06-04","1744.5",
"2015-06-03","1749.5",
"2015-06-02","1744",
"2015-06-01","1757.5",
"2015-05-29","1741.5",
"2015-05-28","1771",
"2015-05-27","1738",
"2015-05-26","1757.5",
"2015-05-22","1768",
"2015-05-21","1775.5",
"2015-05-20","1781.5",
"2015-05-19","1794.5",
"2015-05-18","1819.5",
"2015-05-15","1857",
"2015-05-14","1868",
"2015-05-13","1885",
"2015-05-12","1892",
"2015-05-11","1876.5",
"2015-05-08","1888",
"2015-05-07","1880",
"2015-05-06","1923",
"2015-05-05","1969",
"2015-05-01","1913",
"2015-04-30","1920",
"2015-04-29","1882",
"2015-04-28","1874.5",
"2015-04-27","1834",
"2015-04-24","1821.5",
"2015-04-23","1782",
"2015-04-22","1806.5",
"2015-04-21","1818.5",
"2015-04-20","1814.5",
"2015-04-17","1822",
"2015-04-16","1823",
"2015-04-15","1818.5",
"2015-04-14","1785",
"2015-04-13","1767",
"2015-04-10","1762",
"2015-04-09","1761.5",
"2015-04-08","1771",
"2015-04-07","1783",
"2015-04-06","1781",
"2015-04-03","1781",
"2015-04-02","1781",
"2015-04-01","1780",
"2015-03-31","1785",
"2015-03-30","1794.5",
"2015-03-27","1782.5",
"2015-03-26","1787.5",
"2015-03-25","1775.5",
"2015-03-24","1789.5",
"2015-03-23","1796.5",
"2015-03-20","1793",
"2015-03-19","1779",
"2015-03-18","1764",
"2015-03-17","1793",
"2015-03-16","1773",
"2015-03-13","1773",
"2015-03-12","1755",
"2015-03-11","1747",
"2015-03-10","1766.5",
"2015-03-09","1786.5",
"2015-03-06","1782",
"2015-03-05","1798",
"2015-03-04","1800",
"2015-03-03","1797",
"2015-03-02","1805",
"2015-02-27","1815",
"2015-02-26","1807.5",
"2015-02-25","1800",
"2015-02-24","1810",
"2015-02-23","1797",
"2015-02-20","1802",
"2015-02-19","1816",
"2015-02-18","1821",
"2015-02-17","1823",
"2015-02-16","1826",
"2015-02-13","1836",
"2015-02-12","1836",
"2015-02-11","1821",
"2015-02-10","1841",
"2015-02-09","1872",
"2015-02-06","1873",
"2015-02-05","1880",
"2015-02-04","1875",
"2015-02-03","1891.5",
"2015-02-02","1871",
"2015-01-30","1864",
"2015-01-29","1819",
"2015-01-28","1850",
"2015-01-27","1857",
"2015-01-26","1879",
"2015-01-23","1831",
"2015-01-22","1866",
"2015-01-21","1862",
"2015-01-20","1844",
"2015-01-19","1814",
"2015-01-16","1845",
"2015-01-15","1791",
"2015-01-14","1775.25",
"2015-01-13","1791.5",
"2015-01-12","1814",
"2015-01-09","1810",
"2015-01-08","1832",
"2015-01-07","1790",
"2015-01-06","1787",
"2015-01-05","1823",
"2015-01-02","1832",
"2015-01-01","1852.5",
"2014-12-31","1852.5",
"2014-12-30","1858",
"2014-12-29","1863.5",
"2014-12-25","1861",
"2014-12-24","1861",
"2014-12-23","1869",
"2014-12-22","1883",
"2014-12-19","1906.5",
"2014-12-18","1911",
"2014-12-17","1921.5",
"2014-12-16","1906.5",
"2014-12-15","1922",
"2014-12-12","1935",
"2014-12-11","1945.25",
"2014-12-10","1959",
"2014-12-09","1972",
"2014-12-08","1965.25",
"2014-12-05","1982",
"2014-12-04","1994.5",
"2014-12-03","1972",
"2014-12-02","1978",
"2014-12-01","2031",
"2014-11-28","2013.75",
"2014-11-27","2044",
"2014-11-26","2061",
"2014-11-25","2049.75",
"2014-11-24","2046",
"2014-11-21","2047",
"2014-11-20","2033",
"2014-11-19","2020",
"2014-11-18","2015",
"2014-11-17","2029",
"2014-11-14","2027",
"2014-11-13","2037",
"2014-11-12","2060",
"2014-11-11","2044.75",
"2014-11-10","2033.5",
"2014-11-07","2055",
"2014-11-06","2076",
"2014-11-05","2060",
"2014-11-04","2060",
"2014-11-03","2070",
"2014-10-31","2035.75",
"2014-10-30","2027",
"2014-10-29","2025.75",
"2014-10-28","1995",
"2014-10-27","1982.25",
"2014-10-24","1966.75",
"2014-10-23","1982.25",
"2014-10-22","2004.25",
"2014-10-21","1987",
"2014-10-20","1969",
"2014-10-17","1965",
"2014-10-16","1926",
"2014-10-15","1918",
"2014-10-14","1950.25",
"2014-10-13","1945.75",
"2014-10-10","1936.5",
"2014-10-09","1946",
"2014-10-08","1941.5",
"2014-10-07","1955.75",
"2014-10-06","1927.75",
"2014-10-03","1918",
"2014-10-02","1903",
"2014-10-01","1929",
"2014-09-30","1950",
"2014-09-29","1965",
"2014-09-26","1950",
"2014-09-25","1950.5",
"2014-09-24","1974",
"2014-09-23","1962.5",
"2014-09-22","1977.75",
"2014-09-19","1977",
"2014-09-18","1984",
"2014-09-17","1998",
"2014-09-16","2035",
"2014-09-15","1997",
"2014-09-12","2038",
"2014-09-11","2040",
"2014-09-10","2064.75",
"2014-09-09","2071.75",
"2014-09-08","2102",
"2014-09-05","2097",
"2014-09-04","2106",
"2014-09-03","2079.25",
"2014-09-02","2105",
"2014-09-01","2099",
"2014-08-29","2093",
"2014-08-28","2085",
"2014-08-27","2082",
"2014-08-26","2083.25",
"2014-08-22","2064",
"2014-08-21","2058.5",
"2014-08-20","2075",
"2014-08-19","2037",
"2014-08-18","2009.75",
"2014-08-15","1992",
"2014-08-14","1988.75",
"2014-08-13","2017.5",
"2014-08-12","2044.25",
"2014-08-11","2026.75",
"2014-08-08","2020.25",
"2014-08-07","2022.5",
"2014-08-06","2020",
"2014-08-05","2008",
"2014-08-04","2025",
"2014-08-01","1973.5",
"2014-07-31","1988.5",
"2014-07-30","2021",
"2014-07-29","1981.25",
"2014-07-28","2015",
"2014-07-25","1998",
"2014-07-24","2027",
"2014-07-23","2017.25",
"2014-07-22","2044.5",
"2014-07-21","2021",
"2014-07-18","1982.75",
"2014-07-17","1990",
"2014-07-16","1970.5",
"2014-07-15","1960",
"2014-07-14","1938.5",
"2014-07-11","1939",
"2014-07-10","1922.25",
"2014-07-09","1937.75",
"2014-07-08","1938",
"2014-07-07","1919.5",
"2014-07-04","1921.5",
"2014-07-03","1936",
"2014-07-02","1926",
"2014-07-01","1884.5",
"2014-06-30","1890.75",
"2014-06-27","1885",
"2014-06-26","1898",
"2014-06-25","1903.5",
"2014-06-24","1901",
"2014-06-23","1892.5",
"2014-06-20","1888.5",
"2014-06-19","1890.5",
"2014-06-18","1874.5",
"2014-06-17","1852",
"2014-06-16","1840.25",
"2014-05-01","1751.05",
"2014-04-01","1810.67",
"2014-01-01","1727.41",
"2013-11-01","1747.96428571429",
"2013-10-01","1814.58260869565",
"2013-08-01","1817.61590909091",
"2013-07-01","1769.60869565217",
"2013-05-01","1832.02173913043",
"2013-04-01","1861.67045454545",
"2013-03-01","1909.56666666667",
"2013-02-01","2053.595",
"2013-01-01","2037.75",
"2012-11-01","1948.82954545455",
"2012-10-01","1974.3",
"2012-08-01","1845.37608695652",
"2012-06-01","1890.17857142857",
"2012-05-01","2007.63095238095",
"2012-03-01","2184.16",
"2012-02-01","2207.92",
"2011-12-01","2022.25",
"2011-11-01","2079.98",
"2011-09-01","2293.46",
"2011-08-01","2379.35",
"2011-07-01","2525.43",
"2011-06-01","2557.76",
"2011-04-01","2678.11",
"2011-03-01","2555.5",
"2011-02-01","2508.175",
"2010-12-01","2350.667",
"2010-11-01","2333.068",
"2010-10-01","2346.57",
"2010-09-01","2162.341",
"2010-07-01","1988.273",
"2010-06-01","1931.386",
"2010-04-01","2316.725",
"2010-03-01","2205.63",
"2010-02-01","2048.925",
"2010-01-01","2235.15",
"2009-12-01","2180.095",
"2009-10-01","1878.568",
"2009-09-01","1834.114",
"2009-07-01","1667.957",
"2009-06-01","1573.727",
"2009-05-01","1460.447",
"2009-04-01","1420.85",
"2009-01-01","1413.119",
"2008-12-01","1490.429",
"2008-10-01","2121.413",
"2008-09-01","2525.818",
"2008-08-01","2764.375",
"2008-07-01","3071.239",
"2008-05-01","2902.9",
"2008-04-01","2959.273",
"2008-02-01","2776.929",
"2008-01-01","2445.523",
"2007-11-01","2506.886",
"2007-10-01","2442.37",
"2007-08-01","2515.773",
"2007-06-01","2676.93",
"2007-05-01","2792.75",
"2007-03-01","2761.727",
"2007-02-01","2832.2",
"2007-01-01","2809.341",
"2006-12-01","2813.632",
"2006-11-01","2702.795",
"2006-09-01","2472.881",
"2006-08-01","2459.932",
"2006-06-01","2477.341",
"2006-05-01","2861.476",
"2006-03-01","2429.13",
"2006-02-01","2455.325",
"2005-12-01","2247.45",
"2005-11-01","2050.591",
"2005-09-01","1839.909",
"2005-08-01","1867.841",
"2005-07-01","1778.786",
"2005-06-01","1731.295",
"2005-04-01","1894.286",
"2005-03-01","1979.85",
"2005-02-01","1882.85",
"2004-12-01","1849.179",
"2004-11-01","1813.898",
"2004-10-01","1819.57",
"2004-09-01","1723.602",
"2004-07-01","1709.273",
"2004-06-01","1677.716",
"2004-04-01","1729.738",
"2004-03-01","1655.989",
"2004-01-01","1606.488",
"2003-12-01","1554.905",
"2003-10-01","1474.25",
"2003-09-01","1415.568",
"2003-08-01","1456.313",
"2003-07-01","1436.087",
"2003-05-01","1398.488",
"2003-04-01","1332.013",
"2003-01-01","1378.284",
"2002-11-01","1372.2",
"2002-10-01","1310.58",
"2002-08-01","1291.6",
"2002-07-01","1338.09",
"2002-05-01","1343.3",
"2002-04-01","1369.99",
"2002-03-01","1405",
"2002-02-01","1369.34",
"2002-01-01","1368.59",
"2001-11-01","1327.46",
"2001-10-01","1282.5",
"2001-08-01","1377.08",
"2001-06-01","1466.13",
"2001-05-01","1538.77",
"2001-03-01","1509.17",
"2001-02-01","1604.36",
"2001-01-01","1615.65",
"2000-12-01","1565.41",
"2000-11-01","1473.86",
"2000-09-01","1601.21",
"2000-08-01","1527.63",
"2000-06-01","1506.31",
"2000-05-01","1466.79",
"2000-03-01","1577.05",
"2000-02-01","1670.27",
"1999-12-01","1554.48",
"1999-11-01","1472.76",
"1999-10-01","1474.41",
"1999-09-01","1492.48",
"1999-07-01","1403.76",
"1999-06-01","1315.31",
"1999-04-01","1278.2",
"1999-03-01","1181.59",
"1999-02-01","1186.85",
"1999-01-01","1218.46",
"1998-12-01","1249.06",
"1998-10-01","1304.06",
"1998-09-01","1342.27",
"1998-07-01","1309.21",
"1998-06-01","1307.24",
"1998-05-01","1364.72",
"1998-04-01","1418.16",
"1998-01-01","1485.79",
"1997-12-01","1530.51",
"1997-10-01","1607.86",
"1997-09-01","1610.6",
"1997-08-01","1710.58",
"1997-07-01","1591.99",
"1997-05-01","1625.25",
"1997-04-01","1561.44",
"1997-01-01","1575.61",
"1996-11-01","1449.52",
"1996-10-01","1336.34",
"1996-08-01","1463.36",
"1996-07-01","1458.7",
"1996-05-01","1589.26",
"1996-04-01","1587.23",
"1996-03-01","1612.48",
"1996-02-01","1591.55",
"1996-01-01","1589.34",
"1995-12-01","1656.74",
"1995-11-01","1654.07",
"1995-09-01","1760.83",
"1995-08-01","1888.32",
"1995-06-01","1780.05",
"1995-05-01","1762.69",
"1995-03-01","1805.07",
"1995-02-01","1916.15",
"1994-12-01","1878.31",
"1994-11-01","1892.59",
"1994-09-01","1569.22",
"1994-08-01","1455.36",
"1994-07-01","1492.42",
"1994-06-01","1400.58",
"1994-04-01","1278.72",
"1994-03-01","1289.03",
"1994-02-01","1269.93",
"1993-12-01","1094.3",
"1993-11-01","1039.81",
"1993-10-01","1087.1",
"1993-09-01","1115.38",
"1993-07-01","1202.13",
"1993-06-01","1165.3",
"1993-04-01","1108.53",
"1993-03-01","1151.33",
"1993-02-01","1201.85",
"1993-01-01","1206.76",
"1992-12-01","1207.1",
"1992-10-01","1173.78",
"1992-09-01","1269.61",
"1992-07-01","1313.05",
"1992-06-01","1275.55",
"1992-05-01","1306.79",
"1992-04-01","1317.05",
"1992-01-01","1177.07",
"1991-11-01","1134.8",
"1991-10-01","1150.03",
"1991-08-01","1256.45",
"1991-07-01","1296.78",
"1991-05-01","1296.05",
"1991-04-01","1391.86",
"1991-03-01","1496",
"1991-02-01","1504.6",
"1991-01-01","1515.18",
"1990-11-01","1617.5",
"1990-10-01","1945.7",
"1990-08-01","1782.02",
"1990-06-01","1565.79",
"1990-05-01","1526.93",
"1990-03-01","1567.39",
"1990-02-01","1454.28",
"1990-01-01","1528.25",
"1989-12-01","1633.26",
"1989-11-01","1736.09",
"1989-09-01","1717.93",
"1989-08-01","1798.32",
"1989-06-01","1914.16",
"1989-05-01","2259.31",
"1989-03-01","2073.71",
"1989-02-01","2183.05",
"1988-12-01","2502.65",
"1988-11-01","2381.76",
"1988-09-01","2387.12",
"1988-08-01","2701.14",
"1988-07-01","2582.05",
"1988-06-01","3577.86",
"1988-04-01","2508.35",
"1988-03-01","2526.41",
"1988-02-01","2138.02",
"1988-01-01","2002.46",
"1987-12-01","1823.93",
"1987-10-01","1962.66",
"1987-09-01","1746.28",
"1987-07-01","1653.09",
"1987-06-01","1472.33",
"1987-05-01","1411.6",
"1987-04-01","1400.97",
"1987-01-01","1171.4",
"1986-12-01","1133.48",
"1986-10-01","1161.94",
"1986-09-01","1205.82",
"1986-08-01","1129.23",
"1986-07-01","1123.06",
"1986-05-01","1164.3",
"1986-04-01","1164.44",
"1986-01-01","1119.24",
"1985-11-01","950.4",
"1985-10-01","970.5",
"1985-08-01","1019.3",
"1985-07-01","1011.6",
"1985-05-01","1105.2",
"1985-04-01","1106.3",
"1985-03-01","1095.3",
"1985-02-01","1098.2",
"1985-01-01","1075.4",
"1984-11-01","1151.8",
"1984-10-01","1027.9",
"1984-08-01","1135.8",
"1984-06-01","1275",
"1984-05-01","1289.1",
"1984-03-01","1455.8",
"1984-02-01","1491.2",
"1983-12-01","1549.3",
"1983-11-01","1516.8",
"1983-09-01","1613.7",
"1983-08-01","1603.6",
"1983-07-01","1520.2",
"1983-06-01","1465.6",
"1983-04-01","1363.6",
"1983-03-01","1301.8",
"1983-02-01","1230.4",
"1982-12-01","987.4",
"1982-11-01","965.2",
"1982-10-01","951.5",
"1982-09-01","959.5",
"1982-07-01","957.8",
"1982-06-01","918.8",
"1982-04-01","996.2",
"1982-03-01","1029.2",
"1982-02-01","1087.7",
"1982-01-01","1113.3",
"1981-12-01","1130.88427734375",
"1981-10-01","1140.181640625",
"1981-09-01","1168.9111328125",
"1981-07-01","1175.31127929688",
"1981-06-01","1232.40673828125",
"1981-05-01","1296.99584960938",
"1981-04-01","1369.23461914063",
"1981-01-01","1430.82958984375",
"1980-12-01","1430.65673828125",
"1980-10-01","1626.15209960938",
"1980-09-01","1655.06567382813",
"1980-08-01","1783.62719726563",
"1980-07-01","1758.07495117188",
"1980-05-01","1775.8037109375",
"1980-04-01","1932.45556640625",
"1980-02-01","2131.00854492188",
"1980-01-01","2054.86010742188",
"1979-11-01","1832.54736328125",
"1979-10-01","1786.22021484375",
"1979-08-01","1561.89428710938",
"1979-06-01","1596.5595703125",
"1979-05-01","1576.08227539063",
"1979-03-01","1541.69091796875",
"1979-02-01","1441.91015625",
"1979-01-01","1264.75634765625",
"1978-12-01","1408.75219726563",
"1978-11-01","1394.42211914063",
"1978-09-01","1382.29663085938",
"1978-08-01","1320.5673828125",
"1978-06-01","1247.81494140625",
"1978-05-01","1236.79174804688",
"1978-03-01","1298.52124023438",
"1978-02-01","1320.5673828125",
"1977-12-01","1261.04272460938",
"1977-11-01","1236.79174804688",
"1977-09-01","1183.880859375",
"1977-08-01","1183.880859375",
"1977-07-01","1170.6533203125",
"1977-06-01","1102.31005859375",
"1977-04-01","1082.46850585938",
"1977-03-01","1082.46850585938",
"1977-02-01","1078.05908203125",
"1976-12-01","974.44213867188",
"1976-11-01","947.98657226563",
"1976-10-01","947.98657226563",
"1976-09-01","996.48828125",
"1976-07-01","903.89428710938",
"1976-06-01","804.68627929688",
"1976-04-01","820.11865234375",
"1976-03-01","815.70947265625",
"1976-01-01","853.18798828125",
"1975-12-01","837.75561523438",
"1975-10-01","815.70947265625",
"1975-09-01","826.732421875",
"1975-08-01","837.75561523438",
"1975-07-01","864.2109375",
"1975-05-01","903.89428710938",
"1975-04-01","897.2802734375",
"1975-01-01","895.07568359375",
"1974-11-01","842.16479492188",
"1974-10-01","844.36938476563",
"1974-08-01","848.77880859375",
"1974-07-01","760.59399414063",
"1974-05-01","765.00317382813",
"1974-04-01","751.775390625",
"1974-03-01","687.84155273438",
"1974-02-01","619.49829101563",
"1974-01-01","604.06591796875",
"1973-11-01","650.36279296875",
"1973-10-01","621.70288085938",
"1973-08-01","619.49829101563",
"1973-06-01","601.861328125",
"1973-05-01","582.01977539063",
"1973-03-01","570.99658203125",
"1973-02-01","557.76879882813",
"1973-01-01","542.33642578125",
"1972-12-01","540.1318359375",
"1972-11-01","540.1318359375",
"1972-09-01","537.92724609375",
"1972-08-01","540.1318359375",
"1972-06-01","566.58740234375",
"1972-05-01","599.65673828125",
"1972-03-01","670.20458984375",
"1972-02-01","670.20458984375",
"1971-12-01","665.79516601563",
"1971-11-01","641.54443359375",
"1971-10-01","639.33984375",
"1971-09-01","639.33984375",
"1971-07-01","617.29370117188",
"1971-06-01","617.29370117188",
"1971-04-01","617.29370117188",
"1971-03-01","617.29370117188",
"1971-02-01","617.29370117188",
"1971-01-01","617.29370117188",
"1970-12-01","617.29370117188",
"1970-10-01","617.29370117188",
"1970-09-01","617.29370117188",
"1970-07-01","617.29370117188",
"1970-06-01","617.29370117188",
"1970-05-01","617.29370117188",
"1970-04-01","612.88427734375",
"1970-01-01","606.2705078125",
"1969-12-01","606.2705078125",
"1969-10-01","601.861328125",
"1969-09-01","584.22436523438",
"1969-08-01","584.22436523438",
"1969-07-01","584.22436523438",
"1969-05-01","584.22436523438",
"1969-04-01","584.22436523438",
"1969-01-01","573.201171875",
"1968-11-01","562.17797851563",
"1968-10-01","562.17797851563",
"1968-08-01","562.17797851563",
"1968-07-01","562.17797851563",
"1968-05-01","540.1318359375",
"1968-04-01","540.1318359375",
"1968-03-01","540.1318359375",
"1968-02-01","540.1318359375",
"1968-01-01","540.1318359375",
"1967-12-01","540.1318359375",
"1967-11-01","540.1318359375",
"1967-09-01","540.1318359375",
"1967-08-01","540.1318359375",
"1967-06-01","540.1318359375",
"1967-05-01","540.1318359375",
"1967-03-01","540.1318359375",
"1967-02-01","540.1318359375",
"1966-12-01","540.1318359375",
"1966-11-01","540.1318359375",
"1966-09-01","540.1318359375",
"1966-08-01","540.1318359375",
"1966-07-01","540.1318359375",
"1966-06-01","540.1318359375",
"1966-04-01","540.1318359375",
"1966-03-01","540.1318359375",
"1966-02-01","540.1318359375",
"1965-12-01","540.1318359375",
"1965-11-01","540.1318359375",
"1965-10-01","540.1318359375",
"1965-09-01","540.1318359375",
"1965-07-01","540.1318359375",
"1965-06-01","540.1318359375",
"1965-04-01","540.1318359375",
"1965-03-01","540.1318359375",
"1965-02-01","540.1318359375",
"1965-01-01","540.1318359375",
"1964-12-01","540.1318359375",
"1964-10-01","529.10888671875",
"1964-09-01","529.10888671875",
"1964-07-01","529.10888671875",
"1964-06-01","529.10888671875",
"1964-05-01","529.10888671875",
"1964-04-01","529.10888671875",
"1964-01-01","507.06259155273",
"1963-11-01","507.06259155273",
"1963-10-01","507.06259155273",
"1963-08-01","496.03948974609",
"1963-07-01","496.03948974609",
"1963-05-01","496.03948974609",
"1963-04-01","496.03948974609",
"1963-03-01","496.03948974609",
"1963-02-01","496.03948974609",
"1963-01-01","496.03948974609",
"1962-11-01","496.03948974609",
"1962-10-01","496.03948974609",
"1962-08-01","496.03948974609",
"1962-06-01","496.03948974609",
"1962-05-01","496.03948974609",
"1962-03-01","496.03948974609",
"1962-02-01","504.85797119141",
"1962-01-01","511.47183227539",
"1961-12-01","511.47183227539",
"1961-11-01","511.47183227539",
"1961-09-01","511.47183227539",
"1961-08-01","511.47183227539",
"1961-06-01","511.47183227539",
"1961-05-01","511.47183227539",
"1961-03-01","511.47183227539",
"1961-02-01","511.47183227539",
"1960-12-01","511.47183227539",
"1960-11-01","511.47183227539",
"1960-09-01","511.47183227539",
"1960-08-01","511.47183227539",
"1960-07-01","511.47183227539",
"1960-06-01","511.47183227539",
"1960-04-01","511.47183227539",
"1960-03-01","511.47183227539",
"1960-02-01","511.47183227539",
"1960-01-01","511.47183227539",
